CEParticipationID,ProjectID,AccessPoint,PreventionAssessment,CrisisAssessment,HousingAssessment,DirectServices,ReceivesReferrals,CEParticipationStatusStartDate,CEParticipationStatusEndDate,DateCreated,DateUpdated,UserID,DateDeleted,ExportID
"2","2",0,,,,,1,2003-11-20,,2023-10-01 03:41:57,2023-10-01 13:23:27,"605",,"42412"
"3","3",0,,,,,1,2004-01-29,,2023-10-01 03:41:57,2023-10-01 16:01:33,"605",,"42412"
"4","4",0,,,,,1,2004-01-29,,2023-10-01 03:41:57,2023-10-01 13:17:51,"605",,"42412"
"6","6",0,,,,,1,2004-01-30,,2023-10-01 03:41:57,2023-10-01 16:00:03,"605",,"42412"
"7","7",0,,,,,1,2004-01-30,,2023-10-01 03:41:57,2023-10-01 13:13:39,"605",,"42412"
"8","8",0,,,,,0,2004-02-23,,2023-10-01 03:41:57,2023-10-01 03:41:57,"1",,"42412"
"9","9",0,,,,,1,2001-10-01,,2023-10-01 03:41:57,2023-12-13 12:45:05,"27",,"42412"
"10","10",0,,,,,1,2002-11-01,,2023-10-01 03:41:57,2023-12-17 22:24:09,"27",,"42412"
"12","12",0,,,,,1,2004-06-21,,2023-10-01 03:41:57,2023-10-01 12:34:08,"605",,"42412"
"13","13",0,,,,,0,2004-09-09,2022-06-30,2023-10-01 03:41:57,2023-10-01 03:41:57,"1",,"42412"
"15","15",0,,,,,1,2004-09-21,,2023-10-01 03:41:57,2023-10-01 13:29:31,"605",,"42412"
"16","16",0,,,,,1,2004-09-22,,2023-10-01 03:41:57,2023-10-01 16:08:23,"605",,"42412"
"17","17",0,,,,,0,2004-09-22,,2023-10-01 03:41:57,2023-10-01 03:41:57,"1",,"42412"
"20","20",0,,,,,1,2004-09-29,,2023-10-01 03:41:57,2023-10-01 16:07:31,"605",,"42412"
"21","21",0,,,,,0,2004-10-08,2022-09-30,2023-10-01 03:41:57,2023-10-01 03:41:57,"1",,"42412"
"23","23",0,,,,,1,1997-01-01,,2023-10-01 03:41:57,2023-12-17 22:41:38,"27",,"42412"
"26","26",0,,,,,1,2004-06-01,,2023-10-01 03:41:57,2023-10-01 14:06:45,"605",,"42412"
"27","27",0,,,,,1,2004-11-08,,2023-10-01 03:41:57,2023-10-01 15:48:30,"605",,"42412"
"28","28",0,,,,,1,2004-11-08,,2023-10-01 03:41:57,2023-10-01 16:05:58,"605",,"42412"
"29","29",0,,,,,1,2004-10-15,,2023-10-01 03:41:57,2023-10-01 13:45:25,"605",,"42412"
"30","30",0,,,,,1,2004-11-08,,2023-10-01 03:41:57,2023-10-01 16:16:47,"605",,"42412"
"32","32",0,,,,,1,2004-11-22,,2023-10-01 03:41:57,2023-10-01 11:26:26,"30",,"42412"
"33","33",0,,,,,1,2004-11-24,,2023-10-01 03:41:57,2023-10-01 11:32:23,"30",,"42412"
"34","34",0,,,,,0,2004-12-09,,2023-10-01 03:41:57,2023-10-01 03:41:57,"1",,"42412"
"613","35",0,,,,,1,2004-12-09,,2023-10-01 03:41:57,2023-10-01 11:24:12,"30",,"42412"
"35","36",0,,,,,1,2004-12-16,,2023-10-01 03:41:57,2023-10-01 11:29:22,"30",,"42412"
"37","38",0,,,,,1,2004-12-16,,2023-10-01 03:41:57,2023-10-01 11:30:05,"30",,"42412"
"38","39",0,,,,,1,2004-12-30,,2023-10-01 03:41:57,2023-10-01 16:17:30,"605",,"42412"
"39","40",0,,,,,1,2001-04-06,,2023-10-01 03:41:57,2023-12-17 22:48:06,"27",,"42412"
"40","41",0,,,,,1,2005-01-20,,2023-10-01 03:41:57,2023-10-01 11:24:58,"30",,"42412"
"41","42",0,,,,,1,2003-11-01,2022-06-01,2023-10-01 03:41:57,2023-12-17 22:15:59,"27",,"42412"
"43","44",0,,,,,1,2005-02-10,,2023-10-01 03:41:57,2023-10-01 13:40:27,"605",,"42412"
"45","46",0,,,,,1,2005-02-23,,2023-10-01 03:41:57,2023-10-01 14:52:10,"605",,"42412"
"46","47",0,,,,,1,2005-09-25,2023-12-31,2023-10-01 03:41:57,2023-10-01 13:47:21,"605",,"42412"
"47","48",0,,,,,1,2005-03-04,,2023-10-01 03:41:57,2023-10-01 16:05:26,"27",,"42412"
"48","49",0,,,,,1,2005-03-04,,2023-10-01 03:41:57,2023-10-01 15:50:58,"27",,"42412"
"49","50",0,,,,,1,2005-03-23,,2023-10-01 03:41:57,2023-10-01 11:34:59,"30",,"42412"
"50","51",0,,,,,1,2005-04-13,,2023-10-01 03:41:57,2023-10-01 14:05:47,"605",,"42412"
"51","52",0,,,,,1,2005-02-01,,2023-10-01 03:41:57,2023-12-14 10:40:52,"27",,"42412"
"52","53",0,,,,,1,2014-01-01,2022-09-30,2023-10-01 03:41:57,2023-10-01 16:02:47,"605",,"42412"
"53","54",0,,,,,1,2005-04-29,,2023-10-01 03:41:57,2023-10-01 15:47:58,"30",,"42412"
"54","55",0,,,,,1,2005-04-29,,2023-10-01 03:41:57,2023-10-01 15:51:22,"30",,"42412"
"55","56",0,,,,,1,2005-05-02,,2023-10-01 03:41:57,2023-10-01 15:57:23,"30",,"42412"
"56","57",0,,,,,1,2005-05-03,,2023-10-01 03:41:57,2023-10-01 15:52:46,"30",,"42412"
"57","58",0,,,,,1,2005-05-03,,2023-10-01 03:41:57,2023-10-01 15:54:18,"30",,"42412"
"58","59",0,,,,,1,2005-05-05,,2023-10-01 03:41:57,2023-10-01 15:48:55,"30",,"42412"
"59","60",0,,,,,1,2005-05-05,,2023-10-01 03:41:57,2023-10-04 15:04:33,"30",,"42412"
"63","64",0,,,,,1,2005-05-09,,2023-10-01 03:41:57,2023-10-01 13:25:19,"605",,"42412"
"64","65",0,,,,,1,2005-05-09,,2023-10-01 03:41:57,2023-10-01 16:07:15,"30",,"42412"
"65","66",0,,,,,0,2005-05-11,,2023-10-01 03:41:57,2023-10-01 03:41:57,"1",,"42412"
"66","67",0,,,,,1,2005-05-16,,2023-10-01 03:41:57,2023-10-01 16:11:43,"30",,"42412"
"67","68",0,,,,,1,2005-05-24,,2023-10-01 03:41:57,2023-10-01 16:27:00,"605",,"42412"
"68","69",0,,,,,1,2005-05-24,,2023-10-01 03:41:57,2023-10-01 16:10:05,"30",,"42412"
"69","70",0,,,,,1,2005-05-27,,2023-10-01 03:41:57,2023-10-01 16:13:34,"30",,"42412"
"70","71",0,,,,,1,2005-05-31,,2023-10-01 03:41:57,2023-10-01 16:14:32,"30",,"42412"
"71","72",0,,,,,1,2005-06-06,,2023-10-01 03:41:57,2023-10-01 16:20:54,"30",,"42412"
"72","73",0,,,,,1,2005-06-07,,2023-10-01 03:41:57,2023-10-01 16:20:27,"30",,"42412"
"73","74",0,,,,,0,2005-06-07,,2023-10-01 03:41:57,2023-10-01 03:41:57,"1",,"42412"
"74","75",0,,,,,1,2005-06-13,,2023-10-01 03:41:57,2023-10-01 16:19:31,"30",,"42412"
"75","76",0,,,,,1,2005-06-13,,2023-10-01 03:41:57,2023-10-01 16:23:01,"30",,"42412"
"76","77",0,,,,,1,2005-06-21,,2023-10-01 03:41:57,2023-10-01 16:16:25,"30",,"42412"
"77","78",0,,,,,1,2005-06-29,,2023-10-01 03:41:57,2023-10-01 10:56:57,"27",,"42412"
"78","79",0,,,,,1,2005-06-30,,2023-10-01 03:41:57,2023-10-01 16:10:41,"30",,"42412"
"79","80",0,,,,,1,2005-07-21,,2023-10-01 03:41:57,2023-10-01 16:17:47,"30",,"42412"
"80","81",0,,,,,1,2005-08-11,,2023-10-01 03:41:57,2023-10-01 14:11:01,"605",,"42412"
"81","82",0,,,,,1,2005-08-16,,2023-10-01 03:41:57,2023-10-01 16:16:55,"30",,"42412"
"82","83",0,,,,,1,2005-08-18,,2023-10-01 03:41:57,2023-10-01 16:08:57,"30",,"42412"
"83","84",0,,,,,1,2005-09-26,,2023-10-01 03:41:57,2023-10-01 16:21:59,"30",,"42412"
"84","85",0,,,,,1,2005-11-02,,2023-10-01 03:41:57,2023-10-01 16:10:43,"605",,"42412"
"85","86",0,,,,,1,2005-11-10,2022-07-27,2023-10-01 03:41:57,2023-10-01 16:23:36,"30",,"42412"
"88","89",0,,,,,1,2006-01-13,,2023-10-01 03:41:57,2023-10-01 16:19:47,"605",,"42412"
"89","90",0,,,,,1,2006-04-20,,2023-10-01 03:41:57,2023-10-01 16:14:45,"605",,"42412"
"90","91",0,,,,,1,2006-05-17,,2023-10-01 03:41:57,2023-10-01 14:17:28,"605",,"42412"
"91","92",0,,,,,1,2006-08-11,,2023-10-01 03:41:57,2023-10-01 16:26:22,"605",,"42412"
"94","95",0,,,,,1,2006-04-03,2023-12-31,2023-10-01 03:41:57,2023-12-14 12:56:23,"27",,"42412"
"95","96",0,,,,,1,2007-03-14,,2023-10-01 03:41:57,2023-10-01 16:09:47,"27",,"42412"
"97","98",0,,,,,1,2007-03-28,,2023-10-01 03:41:57,2023-10-01 13:43:46,"605",,"42412"
"98","99",0,,,,,1,2007-04-20,,2023-10-01 03:41:57,2023-10-01 15:54:53,"30",,"42412"
"99","100",0,,,,,1,2007-06-04,,2023-10-01 03:41:57,2023-10-01 14:19:35,"605",,"42412"
"100","101",0,,,,,0,2007-06-13,2023-05-01,2023-10-01 03:41:57,2024-03-14 12:28:26,"227",,"42412"
"637","102",0,,,,,0,2007-07-06,,2023-10-01 03:41:57,2023-10-01 03:41:57,"1",,"42412"
"101","103",0,,,,,1,2007-07-26,,2023-10-01 03:41:57,2023-10-01 14:20:57,"605",,"42412"
"102","104",0,,,,,1,2007-09-04,2023-12-31,2023-10-01 03:41:57,2023-10-01 14:21:39,"605",,"42412"
"103","105",0,,,,,1,2007-12-18,,2023-10-01 03:41:57,2023-10-01 13:09:32,"605",,"42412"
"104","106",0,,,,,1,2003-03-04,,2023-10-01 03:41:57,2023-12-17 22:42:23,"27",,"42412"
"105","107",0,,,,,1,2008-05-02,,2023-10-01 03:41:57,2023-10-01 14:31:46,"605",,"42412"
"106","108",0,,,,,1,2008-01-14,,2023-10-01 03:41:57,2023-10-01 14:11:41,"605",,"42412"
"107","109",0,,,,,1,2008-05-20,,2023-10-01 03:41:57,2023-10-01 11:34:25,"30",,"42412"
"109","111",0,,,,,1,2008-10-20,,2023-10-01 03:41:57,2023-10-01 14:33:20,"605",,"42412"
"113","115",0,,,,,0,2009-02-06,2024-03-17,2023-10-01 03:41:57,2024-03-19 10:08:56,"227",,"42412"
"1232","115",0,,,,,1,2024-03-18,,2024-03-19 10:09:51,2024-03-19 10:09:51,"227",,"42412"
"114","116",0,,,,,1,2006-10-01,,2023-10-01 03:41:57,2023-12-17 22:50:37,"27",,"42412"
"115","117",0,,,,,1,2009-02-26,,2023-10-01 03:41:57,2023-10-01 11:41:33,"30",,"42412"
"117","119",0,,,,,1,2005-01-05,,2023-10-01 03:41:57,2023-12-17 23:00:14,"27",,"42412"
"118","120",0,,,,,1,2009-05-13,2023-06-28,2023-10-01 03:41:57,2023-10-01 11:25:44,"30",,"42412"
"614","123",0,,,,,1,2009-07-06,,2023-10-01 03:41:57,2023-10-01 11:43:16,"30",,"42412"
"121","124",0,,,,,1,2009-07-07,,2023-10-01 03:41:57,2023-10-01 11:35:49,"30",,"42412"
"124","127",0,,,,,1,2009-09-10,2024-07-16,2023-10-01 03:41:57,2024-07-17 14:10:14,"227",,"42412"
"1244","127",0,,,,,0,2024-07-17,,2024-07-17 14:10:23,2024-07-17 14:10:23,"227",,"42412"
"638","129",0,,,,,1,2009-10-30,,2023-10-01 03:41:57,2023-10-01 11:52:25,"30",,"42412"
"126","130",0,,,,,0,2009-11-03,,2023-10-01 03:41:57,2023-10-01 03:41:57,"1",,"42412"
"127","131",0,,,,,1,2010-01-28,,2023-10-01 03:41:57,2023-10-01 13:15:18,"605",,"42412"
"615","132",0,,,,,1,2010-04-21,,2023-10-01 03:41:57,2023-10-01 16:00:53,"605",,"42412"
"129","134",0,,,,,1,2010-04-27,,2023-10-01 03:41:57,2023-10-01 14:53:08,"605",,"42412"
"130","135",0,,,,,1,2003-05-18,,2023-10-01 03:41:57,2023-12-17 22:21:55,"27",,"42412"
"131","136",0,,,,,1,2010-06-21,,2023-10-01 03:41:57,2023-10-01 16:29:18,"605",,"42412"
"132","137",0,,,,,1,2010-05-01,,2023-10-01 03:41:57,2023-12-17 22:51:28,"27",,"42412"
"133","138",0,,,,,1,2010-08-16,,2023-10-01 03:41:57,2023-10-01 16:26:32,"30",,"42412"
"135","140",0,,,,,1,2009-06-15,,2023-10-01 03:41:57,2023-12-17 22:14:11,"27",,"42412"
"136","141",0,,,,,1,2010-09-09,,2023-10-01 03:41:57,2023-10-01 16:21:18,"30",,"42412"
"138","143",0,,,,,1,2010-11-02,,2023-10-01 03:41:57,2023-10-01 14:34:10,"605",,"42412"
"139","144",0,,,,,1,2011-01-19,,2023-10-01 03:41:57,2023-10-01 13:18:40,"605",,"42412"
"140","145",0,,,,,1,2010-11-16,,2023-10-01 03:41:57,2023-10-01 15:22:40,"605",,"42412"
"141","146",0,,,,,1,2011-01-31,,2023-10-01 03:41:57,2023-10-01 16:15:31,"605",,"42412"
"142","147",0,,,,,1,2011-01-31,,2023-10-01 03:41:57,2023-10-01 14:53:52,"605",,"42412"
"143","148",0,,,,,1,2011-01-31,,2023-10-01 03:41:57,2023-10-01 14:40:27,"605",,"42412"
"144","149",0,,,,,1,2011-02-08,,2023-10-01 03:41:57,2023-10-01 16:25:01,"30",,"42412"
"145","150",0,,,,,1,2006-04-01,,2023-10-01 03:41:57,2023-12-17 22:44:05,"27",,"42412"
"616","154",0,,,,,1,2011-04-01,,2023-10-01 03:41:57,2023-10-01 16:09:58,"605",,"42412"
"149","155",0,,,,,1,2004-07-01,,2023-10-01 03:41:57,2023-12-17 22:23:22,"27",,"42412"
"617","157",0,,,,,1,2011-04-01,,2023-10-01 03:41:57,2023-10-01 11:30:47,"30",,"42412"
"618","158",0,,,,,1,2011-04-01,2023-09-30,2023-10-01 03:41:57,2024-01-10 13:31:57,"227",,"42412"
"151","159",0,,,,,1,2011-04-04,,2023-10-01 03:41:57,2023-10-01 14:43:40,"605",,"42412"
"152","160",0,,,,,1,2010-10-01,,2023-10-01 03:41:57,2023-12-17 22:35:36,"27",,"42412"
"154","162",0,,,,,0,2011-04-29,2022-01-24,2023-10-01 03:41:57,2023-10-18 16:43:52,"227",,"42412"
"639","163",0,,,,,0,2011-05-05,,2023-10-01 03:41:57,2023-10-01 03:41:57,"1",,"42412"
"155","164",0,,,,,1,2011-05-31,,2023-10-01 03:41:57,2023-12-17 22:53:37,"27",,"42412"
"160","169",0,,,,,1,2011-08-08,,2023-10-01 03:41:57,2023-10-01 14:50:48,"605",,"42412"
"161","170",0,,,,,1,2011-08-10,,2023-10-01 03:41:57,2023-10-01 13:19:33,"605",,"42412"
"162","171",0,,,,,1,2007-01-26,,2023-10-01 03:41:57,2023-12-17 23:01:53,"27",,"42412"
"619","172",0,,,,,1,2012-01-13,,2023-10-01 03:41:57,2023-10-01 10:53:13,"27",,"42412"
"163","173",0,,,,,1,2012-01-25,,2023-10-01 03:41:57,2023-10-01 14:18:12,"605",,"42412"
"164","174",0,,,,,1,2012-01-25,,2023-10-01 03:41:57,2023-10-01 15:00:58,"605",,"42412"
"167","178",0,,,,,1,2012-08-16,,2023-10-01 03:41:57,2023-10-01 11:36:29,"30",,"42412"
"542","179",0,,,,,1,2012-11-01,,2023-10-01 03:41:57,2023-10-01 15:17:37,"27",,"42412"
"169","181",0,,,,,1,2012-11-09,,2023-10-01 03:41:57,2023-10-01 11:39:34,"30",,"42412"
"170","182",0,,,,,1,2012-07-25,,2023-10-01 03:41:57,2023-12-14 10:46:54,"27",,"42412"
"640","183",0,,,,,1,2012-12-13,,2023-10-01 03:41:57,2023-10-01 11:59:18,"30",,"42412"
"641","184",0,,,,,1,2012-12-14,,2023-10-01 03:41:57,2023-10-01 15:11:24,"30",,"42412"
"642","185",0,,,,,1,2012-12-14,,2023-10-01 03:41:57,2023-10-01 12:05:50,"30",,"42412"
"643","186",0,,,,,1,2012-12-14,,2023-10-01 03:41:57,2023-10-01 14:58:52,"27",,"42412"
"644","187",0,,,,,1,2012-12-14,,2023-10-01 03:41:57,2023-10-01 15:39:27,"30",,"42412"
"645","188",0,,,,,1,2012-12-14,,2023-10-01 03:41:57,2023-10-01 15:25:56,"30",,"42412"
"646","189",0,,,,,1,2012-12-14,,2023-10-01 03:41:57,2023-10-01 15:20:33,"27",,"42412"
"647","190",0,,,,,1,2012-12-14,,2023-10-01 03:41:57,2023-10-01 13:32:29,"30",,"42412"
"648","191",0,,,,,1,2012-12-14,,2023-10-01 03:41:57,2023-10-01 12:09:56,"30",,"42412"
"649","192",0,,,,,0,2012-12-14,,2023-10-01 03:41:57,2023-10-01 03:41:57,"1",,"42412"
"652","195",0,,,,,1,2012-12-14,,2023-10-01 03:41:57,2023-10-01 13:37:40,"30",,"42412"
"653","196",0,,,,,0,2012-12-14,,2023-10-01 03:41:57,2023-10-01 03:41:57,"1",,"42412"
"654","197",0,,,,,1,2012-12-14,,2023-10-01 03:41:57,2023-10-01 15:00:48,"27",,"42412"
"655","198",0,,,,,0,2012-12-14,,2023-10-01 03:41:57,2023-10-01 03:41:57,"1",,"42412"
"656","199",0,,,,,1,2012-12-14,,2023-10-01 03:41:57,2023-10-01 13:51:55,"30",,"42412"
"657","200",0,,,,,0,2012-12-14,,2023-10-01 03:41:57,2023-10-01 03:41:57,"1",,"42412"
"658","201",0,,,,,1,2012-12-14,,2023-10-01 03:41:57,2023-10-01 15:09:47,"30",,"42412"
"659","202",0,,,,,0,2012-12-14,,2023-10-01 03:41:57,2023-10-01 03:41:57,"1",,"42412"
"660","203",0,,,,,1,2020-01-01,,2023-10-01 03:41:57,2023-10-01 11:52:50,"30",,"42412"
"661","204",0,,,,,0,2007-12-14,,2023-10-01 03:41:57,2023-10-01 03:41:57,"1",,"42412"
"662","205",0,,,,,1,2012-12-21,,2023-10-01 03:41:57,2023-10-01 13:46:12,"30",,"42412"
"663","206",0,,,,,1,2012-12-21,,2023-10-01 03:41:57,2023-10-01 11:48:55,"30",,"42412"
"664","207",0,,,,,1,2012-12-27,,2023-10-01 03:41:57,2023-10-01 13:29:12,"30",,"42412"
"665","208",0,,,,,0,2012-12-27,,2023-10-01 03:41:57,2023-10-01 03:41:57,"1",,"42412"
"666","209",0,,,,,1,2012-12-27,,2023-10-01 03:41:57,2023-10-01 13:41:00,"30",,"42412"
"667","210",0,,,,,0,2012-12-27,,2023-10-01 03:41:57,2023-10-01 03:41:57,"1",,"42412"
"668","211",0,,,,,1,2012-12-27,,2023-10-01 03:41:57,2023-10-01 13:43:46,"30",,"42412"
"669","212",0,,,,,0,2012-12-27,,2023-10-01 03:41:57,2023-10-01 03:41:57,"1",,"42412"
"670","213",0,,,,,1,2012-12-27,,2023-10-01 03:41:57,2023-10-01 15:18:55,"30",,"42412"
"671","214",0,,,,,0,2012-12-27,,2023-10-01 03:41:57,2023-10-01 03:41:57,"1",,"42412"
"672","215",0,,,,,1,2012-12-27,,2023-10-01 03:41:57,2023-10-01 15:01:14,"27",,"42412"
"673","216",0,,,,,0,2012-12-27,,2023-10-01 03:41:57,2023-10-01 03:41:57,"1",,"42412"
"674","217",0,,,,,1,2012-12-27,,2023-10-01 03:41:57,2023-10-01 15:01:53,"27",,"42412"
"675","218",0,,,,,0,2012-12-27,,2023-10-01 03:41:57,2023-10-01 03:41:57,"1",,"42412"
"676","219",0,,,,,1,2012-12-27,,2023-10-01 03:41:57,2023-10-01 13:04:58,"30",,"42412"
"677","220",0,,,,,0,2012-12-27,,2023-10-01 03:41:57,2023-10-01 03:41:57,"1",,"42412"
"678","221",0,,,,,1,2012-12-27,,2023-10-01 03:41:57,2023-10-01 15:22:30,"30",,"42412"
"679","222",0,,,,,0,2012-12-27,,2023-10-01 03:41:57,2023-10-01 03:41:57,"1",,"42412"
"680","223",0,,,,,1,2012-12-27,,2023-10-01 03:41:57,2023-10-01 15:13:48,"30",,"42412"
"681","224",0,,,,,1,2012-12-27,,2023-10-01 03:41:57,2023-10-01 13:49:40,"30",,"42412"
"682","225",0,,,,,0,2012-12-27,,2023-10-01 03:41:57,2023-10-01 03:41:57,"1",,"42412"
"683","226",0,,,,,0,2012-12-27,,2023-10-01 03:41:57,2023-10-01 03:41:57,"1",,"42412"
"684","227",0,,,,,1,2012-12-27,,2023-10-01 03:41:57,2023-10-01 15:08:02,"30",,"42412"
"685","228",0,,,,,0,2012-12-27,,2023-10-01 03:41:57,2023-10-01 03:41:57,"1",,"42412"
"686","229",0,,,,,1,2012-12-27,,2023-10-01 03:41:57,2023-10-01 12:04:28,"30",,"42412"
"687","230",0,,,,,0,2012-12-27,,2023-10-01 03:41:57,2023-10-01 03:41:57,"1",,"42412"
"688","231",0,,,,,0,2012-12-27,,2023-10-01 03:41:57,2023-10-01 03:41:57,"1",,"42412"
"689","232",0,,,,,1,2012-12-27,,2023-10-01 03:41:57,2023-10-01 15:21:38,"30",,"42412"
"690","233",0,,,,,0,2012-12-27,,2023-10-01 03:41:57,2023-10-01 03:41:57,"1",,"42412"
"691","234",0,,,,,0,2012-12-27,,2023-10-01 03:41:57,2023-10-01 03:41:57,"1",,"42412"
"694","237",0,,,,,0,2012-12-27,,2023-10-01 03:41:57,2023-10-01 03:41:57,"1",,"42412"
"695","238",0,,,,,1,2012-12-27,,2023-10-01 03:41:57,2023-10-01 13:14:24,"30",,"42412"
"696","239",0,,,,,0,2012-12-27,,2023-10-01 03:41:57,2023-10-01 03:41:57,"1",,"42412"
"699","242",0,,,,,1,2012-12-27,,2023-10-01 03:41:57,2023-10-01 15:04:38,"27",,"42412"
"700","243",0,,,,,0,2012-12-27,,2023-10-01 03:41:57,2023-10-01 03:41:57,"1",,"42412"
"701","244",0,,,,,1,2012-12-27,,2023-10-01 03:41:57,2023-10-01 13:50:27,"30",,"42412"
"702","245",0,,,,,0,2012-12-27,,2023-10-01 03:41:57,2023-10-01 03:41:57,"1",,"42412"
"703","246",0,,,,,1,2012-12-28,,2023-10-01 03:41:57,2023-10-01 15:16:00,"30",,"42412"
"704","247",0,,,,,0,2012-12-28,,2023-10-01 03:41:57,2023-10-01 03:41:57,"1",,"42412"
"705","248",0,,,,,0,2012-12-28,,2023-10-01 03:41:57,2023-10-01 03:41:57,"1",,"42412"
"707","250",0,,,,,0,2012-12-28,,2023-10-01 03:41:57,2023-10-01 03:41:57,"1",,"42412"
"708","251",0,,,,,0,2012-12-28,,2023-10-01 03:41:57,2023-10-01 03:41:57,"1",,"42412"
"709","252",0,,,,,0,2012-12-28,,2023-10-01 03:41:57,2023-10-01 03:41:57,"1",,"42412"
"710","253",0,,,,,1,2012-12-28,,2023-10-01 03:41:57,2023-10-01 15:16:22,"30",,"42412"
"711","254",0,,,,,1,2012-12-28,,2023-10-01 03:41:57,2023-10-01 15:16:45,"30",,"42412"
"712","255",0,,,,,0,2012-12-28,,2023-10-01 03:41:57,2023-10-01 03:41:57,"1",,"42412"
"713","256",0,,,,,0,2012-12-28,,2023-10-01 03:41:57,2023-10-01 03:41:57,"1",,"42412"
"714","257",0,,,,,1,2012-12-28,,2023-10-01 03:41:57,2023-10-01 11:49:58,"30",,"42412"
"715","258",0,,,,,1,2012-12-28,,2023-10-01 03:41:57,2023-10-01 15:17:09,"30",,"42412"
"716","259",0,,,,,0,2012-12-28,,2023-10-01 03:41:57,2023-10-01 03:41:57,"1",,"42412"
"717","260",0,,,,,0,2012-12-28,,2023-10-01 03:41:57,2023-10-01 03:41:57,"1",,"42412"
"719","262",0,,,,,0,2012-12-28,,2023-10-01 03:41:57,2023-10-01 03:41:57,"1",,"42412"
"720","263",0,,,,,1,2012-12-28,,2023-10-01 03:41:57,2023-10-01 13:07:28,"30",,"42412"
"721","264",0,,,,,0,2012-12-28,,2023-10-01 03:41:57,2023-10-01 03:41:57,"1",,"42412"
"722","265",0,,,,,0,2012-12-28,,2023-10-01 03:41:57,2023-10-01 03:41:57,"1",,"42412"
"723","266",0,,,,,1,2012-12-28,,2023-10-01 03:41:57,2023-10-01 15:23:52,"30",,"42412"
"724","267",0,,,,,0,2012-12-28,,2023-10-01 03:41:57,2023-10-01 03:41:57,"1",,"42412"
"725","268",0,,,,,0,2012-12-28,,2023-10-01 03:41:57,2023-10-01 03:41:57,"1",,"42412"
"726","269",0,,,,,1,2012-12-28,,2023-10-01 03:41:57,2023-10-01 15:24:43,"30",,"42412"
"727","270",0,,,,,0,2012-12-28,,2023-10-01 03:41:57,2023-10-01 03:41:57,"1",,"42412"
"733","276",0,,,,,0,2012-12-28,,2023-10-01 03:41:57,2023-10-01 03:41:57,"1",,"42412"
"734","277",0,,,,,1,2012-12-28,,2023-10-01 03:41:57,2023-10-01 13:09:43,"30",,"42412"
"735","278",0,,,,,0,2012-12-28,,2023-10-01 03:41:57,2023-10-01 03:41:57,"1",,"42412"
"736","279",0,,,,,1,2012-12-28,,2023-10-01 03:41:57,2023-10-01 13:10:12,"30",,"42412"
"737","280",0,,,,,0,2012-12-28,,2023-10-01 03:41:57,2023-10-01 03:41:57,"1",,"42412"
"738","281",0,,,,,1,2012-12-28,,2023-10-01 03:41:57,2023-10-01 13:53:34,"30",,"42412"
"739","282",0,,,,,0,2012-12-28,,2023-10-01 03:41:57,2023-10-01 03:41:57,"1",,"42412"
"740","283",0,,,,,1,2012-12-28,,2023-10-01 03:41:57,2023-10-01 13:53:58,"30",,"42412"
"741","284",0,,,,,0,2012-12-28,,2023-10-01 03:41:57,2023-10-01 03:41:57,"1",,"42412"
"742","285",0,,,,,0,2012-12-28,,2023-10-01 03:41:57,2023-10-01 03:41:57,"1",,"42412"
"743","286",0,,,,,1,2013-01-01,,2023-10-01 03:41:57,2023-10-01 13:54:21,"30",,"42412"
"744","288",0,,,,,1,2013-01-07,,2023-10-01 03:41:57,2023-10-01 15:05:51,"27",,"42412"
"745","289",0,,,,,0,2013-01-07,,2023-10-01 03:41:57,2023-10-01 03:41:57,"1",,"42412"
"746","290",0,,,,,0,2013-01-07,,2023-10-01 03:41:57,2023-10-01 03:41:57,"1",,"42412"
"747","291",0,,,,,1,2013-01-07,,2023-10-01 03:41:57,2023-10-01 15:06:43,"27",,"42412"
"748","292",0,,,,,0,2013-01-07,,2023-10-01 03:41:57,2023-10-01 03:41:57,"1",,"42412"
"749","293",0,,,,,1,2013-01-07,,2023-10-01 03:41:57,2023-10-01 15:07:24,"27",,"42412"
"750","294",0,,,,,0,2013-01-07,,2023-10-01 03:41:57,2023-10-01 03:41:57,"1",,"42412"
"751","295",0,,,,,1,2013-01-07,,2023-10-01 03:41:57,2023-10-01 15:08:37,"27",,"42412"
"172","296",0,,,,,1,2013-01-08,,2023-10-01 03:41:57,2023-10-01 13:37:56,"605",,"42412"
"173","297",0,,,,,1,2013-01-11,,2023-10-01 03:41:57,2023-10-01 15:55:36,"605",,"42412"
"752","298",0,,,,,1,2013-01-05,,2023-10-01 03:41:57,2023-10-01 13:14:49,"30",,"42412"
"174","299",0,,,,,1,2013-01-16,,2023-10-01 03:41:57,2023-10-01 15:51:45,"605",,"42412"
"753","300",0,,,,,0,2013-01-16,,2023-10-01 03:41:57,2023-10-01 03:41:57,"1",,"42412"
"175","301",0,,,,,1,2013-01-29,,2023-10-01 03:41:57,2023-10-01 11:40:52,"30",,"42412"
"176","303",0,,,,,1,2013-02-21,,2023-10-01 03:41:57,2023-10-01 16:16:08,"605",,"42412"
"177","305",0,,,,,1,2013-03-14,,2023-10-01 03:41:57,2023-10-01 16:10:30,"27",,"42412"
"179","307",0,,,,,1,2013-03-19,,2023-10-01 03:41:57,2023-10-01 15:47:24,"27",,"42412"
"180","308",0,,,,,1,2013-06-25,,2023-10-01 03:41:57,2023-10-01 13:24:36,"605",,"42412"
"181","309",0,,,,,1,2013-06-28,,2023-10-01 03:41:57,2023-12-17 22:45:08,"27",,"42412"
"182","310",0,,,,,1,2013-06-22,,2023-10-01 03:41:57,2023-12-17 22:38:43,"27",,"42412"
"183","311",0,,,,,1,2017-12-18,,2023-10-01 03:41:57,2023-10-01 16:11:21,"27",,"42412"
"184","312",0,,,,,1,2013-10-15,2022-09-30,2023-10-01 03:41:57,2024-01-24 15:53:25,"227",,"42412"
"543","313",0,,,,,1,2013-10-25,,2023-10-01 03:41:57,2023-10-01 11:59:44,"30",,"42412"
"544","314",0,,,,,1,2013-10-25,,2023-10-01 03:41:57,2023-10-01 13:46:59,"30",,"42412"
"545","315",0,,,,,1,2013-10-25,,2023-10-01 03:41:57,2023-10-01 11:53:17,"30",,"42412"
"546","316",0,,,,,1,2013-10-28,,2023-10-01 03:41:57,2023-10-01 15:21:19,"27",,"42412"
"547","317",0,,,,,1,2013-10-28,,2023-10-01 03:41:57,2023-10-01 12:10:22,"30",,"42412"
"185","318",0,,,,,1,2007-05-01,,2023-10-01 03:41:57,2023-12-17 22:25:23,"27",,"42412"
"186","320",0,,,,,0,2013-11-12,,2023-10-01 03:41:57,2023-10-01 03:41:57,"1",,"42412"
"187","321",0,,,,,0,2013-11-12,,2023-10-01 03:41:57,2023-10-01 03:41:57,"1",,"42412"
"549","322",0,,,,,1,2013-11-13,,2023-10-01 03:41:57,2023-10-01 15:21:57,"27",,"42412"
"550","323",0,,,,,1,2013-11-13,,2023-10-01 03:41:57,2023-10-01 15:27:08,"30",,"42412"
"189","325",0,,,,,0,2013-11-13,,2023-10-01 03:41:57,2023-10-01 03:41:57,"1",,"42412"
"190","326",0,,,,,0,2013-11-13,,2023-10-01 03:41:57,2023-10-01 03:41:57,"1",,"42412"
"586","327",0,,,,,1,2010-02-16,,2023-10-01 03:41:57,2023-12-14 12:53:46,"27",,"42412"
"191","328",0,,,,,0,2013-11-13,,2023-10-01 03:41:57,2023-10-01 03:41:57,"1",,"42412"
"192","329",0,,,,,0,2013-11-13,,2023-10-01 03:41:57,2023-10-01 03:41:57,"1",,"42412"
"193","330",0,,,,,0,2013-11-13,,2023-10-01 03:41:57,2023-10-01 03:41:57,"1",,"42412"
"195","332",0,,,,,0,2013-11-13,,2023-10-01 03:41:57,2023-10-01 03:41:57,"1",,"42412"
"196","333",0,,,,,0,2013-11-13,,2023-10-01 03:41:57,2023-10-01 03:41:57,"1",,"42412"
"197","334",0,,,,,0,2013-11-13,,2023-10-01 03:41:57,2023-10-01 03:41:57,"1",,"42412"
"198","335",0,,,,,0,2013-11-13,,2023-10-01 03:41:57,2023-10-01 03:41:57,"1",,"42412"
"199","336",0,,,,,0,2013-11-13,,2023-10-01 03:41:57,2023-10-01 03:41:57,"1",,"42412"
"200","337",0,,,,,1,2013-11-13,2023-12-31,2023-10-01 03:41:57,2023-10-01 15:59:21,"605",,"42412"
"201","338",0,,,,,0,2013-11-13,,2023-10-01 03:41:57,2023-10-01 03:41:57,"1",,"42412"
"202","339",0,,,,,0,2013-11-13,,2023-10-01 03:41:57,2023-10-01 03:41:57,"1",,"42412"
"203","340",0,,,,,0,2013-11-13,,2023-10-01 03:41:57,2023-10-01 03:41:57,"1",,"42412"
"204","341",0,,,,,0,2013-11-13,,2023-10-01 03:41:57,2023-10-01 03:41:57,"1",,"42412"
"205","342",0,,,,,0,2013-11-15,,2023-10-01 03:41:57,2023-10-01 03:41:57,"1",,"42412"
"206","343",0,,,,,0,2013-11-15,,2023-10-01 03:41:57,2023-10-01 03:41:57,"1",,"42412"
"207","344",0,,,,,0,2013-11-15,,2023-10-01 03:41:57,2023-10-01 03:41:57,"1",,"42412"
"209","346",0,,,,,0,2013-11-15,,2023-10-01 03:41:57,2023-10-01 03:41:57,"1",,"42412"
"210","347",0,,,,,0,2013-11-15,,2023-10-01 03:41:57,2023-10-01 03:41:57,"1",,"42412"
"213","350",0,,,,,1,2013-11-15,,2023-10-01 03:41:57,2023-10-01 14:59:33,"605",,"42412"
"214","351",0,,,,,0,2013-11-15,,2023-10-01 03:41:57,2023-10-01 03:41:57,"1",,"42412"
"551","352",0,,,,,0,2013-11-15,,2023-10-01 03:41:57,2023-10-01 03:41:57,"1",,"42412"
"552","353",0,,,,,0,2013-11-15,,2023-10-01 03:41:57,2023-10-01 03:41:57,"1",,"42412"
"553","354",0,,,,,0,2013-11-15,,2023-10-01 03:41:57,2023-10-01 03:41:57,"1",,"42412"
"555","356",0,,,,,0,2013-11-15,,2023-10-01 03:41:57,2023-10-01 03:41:57,"1",,"42412"
"556","357",0,,,,,0,2013-11-15,,2023-10-01 03:41:57,2023-10-01 03:41:57,"1",,"42412"
"215","358",0,,,,,0,2020-07-01,,2023-10-01 03:41:57,2023-10-01 03:41:57,"1",,"42412"
"216","359",0,,,,,1,2013-11-15,,2023-10-01 03:41:57,2023-10-01 16:06:31,"27",,"42412"
"217","360",0,,,,,0,2013-11-15,,2023-10-01 03:41:57,2023-10-01 03:41:57,"1",,"42412"
"218","361",0,,,,,0,2013-11-15,,2023-10-01 03:41:57,2023-10-01 03:41:57,"1",,"42412"
"219","362",0,,,,,0,2013-11-15,,2023-10-01 03:41:57,2023-10-01 03:41:57,"1",,"42412"
"220","363",0,,,,,0,2013-11-15,,2023-10-01 03:41:57,2023-10-01 03:41:57,"1",,"42412"
"221","364",0,,,,,0,2013-11-15,,2023-10-01 03:41:57,2023-10-01 03:41:57,"1",,"42412"
"222","365",0,,,,,0,2013-11-15,,2023-10-01 03:41:57,2023-10-01 03:41:57,"1",,"42412"
"223","366",0,,,,,0,2013-11-15,,2023-10-01 03:41:57,2023-10-01 03:41:57,"1",,"42412"
"621","367",0,,,,,1,2013-11-15,,2023-10-01 03:41:57,2023-10-01 11:43:47,"30",,"42412"
"224","368",0,,,,,0,2013-11-15,,2023-10-01 03:41:57,2023-10-01 03:41:57,"1",,"42412"
"225","369",0,,,,,0,2013-11-15,,2023-10-01 03:41:57,2023-10-01 03:41:57,"1",,"42412"
"226","370",0,,,,,0,2013-11-15,,2023-10-01 03:41:57,2023-10-01 03:41:57,"1",,"42412"
"227","371",0,,,,,0,2013-11-15,,2023-10-01 03:41:57,2023-10-01 03:41:57,"1",,"42412"
"228","372",0,,,,,0,2013-11-15,,2023-10-01 03:41:57,2023-10-01 03:41:57,"1",,"42412"
"229","373",0,,,,,0,2013-11-15,,2023-10-01 03:41:57,2023-10-01 03:41:57,"1",,"42412"
"230","374",0,,,,,0,2013-11-15,,2023-10-01 03:41:57,2023-10-01 03:41:57,"1",,"42412"
"231","375",0,,,,,0,2012-10-01,,2023-10-01 03:41:57,2023-10-01 03:41:57,"1",,"42412"
"557","376",0,,,,,0,2013-11-15,,2023-10-01 03:41:57,2023-10-01 03:41:57,"1",,"42412"
"558","377",0,,,,,0,2013-11-15,,2023-10-01 03:41:57,2023-10-01 03:41:57,"1",,"42412"
"587","378",0,,,,,1,2010-11-04,,2023-10-01 03:41:57,2023-12-17 22:54:19,"27",,"42412"
"232","379",0,,,,,0,2013-11-15,,2023-10-01 03:41:57,2023-10-01 03:41:57,"1",,"42412"
"559","380",0,,,,,0,2013-11-15,,2023-10-01 03:41:57,2023-10-01 03:41:57,"1",,"42412"
"233","381",0,,,,,0,2013-11-15,,2023-10-01 03:41:57,2023-10-01 03:41:57,"1",,"42412"
"234","382",0,,,,,0,2013-11-15,,2023-10-01 03:41:57,2023-10-01 03:41:57,"1",,"42412"
"235","383",0,,,,,0,2013-11-15,,2023-10-01 03:41:57,2023-10-01 03:41:57,"1",,"42412"
"588","384",0,,,,,1,2009-08-19,,2023-10-01 03:41:57,2023-12-17 22:58:21,"27",,"42412"
"236","385",0,,,,,0,2013-11-19,,2023-10-01 03:41:57,2023-10-01 03:41:57,"1",,"42412"
"237","386",0,,,,,0,2013-11-19,,2023-10-01 03:41:57,2023-10-01 03:41:57,"1",,"42412"
"622","387",0,,,,,1,2013-11-19,,2023-10-01 03:41:57,2023-10-01 15:49:29,"605",,"42412"
"238","388",0,,,,,0,2013-11-19,,2023-10-01 03:41:57,2023-10-01 03:41:57,"1",,"42412"
"239","389",0,,,,,0,2013-11-19,,2023-10-01 03:41:57,2023-10-01 03:41:57,"1",,"42412"
"240","390",0,,,,,0,2013-11-19,,2023-10-01 03:41:57,2023-10-01 03:41:57,"1",,"42412"
"241","391",0,,,,,0,2013-11-19,,2023-10-01 03:41:57,2023-10-01 03:41:57,"1",,"42412"
"242","392",0,,,,,0,2013-11-19,,2023-10-01 03:41:57,2023-10-01 03:41:57,"1",,"42412"
"243","393",0,,,,,0,2013-11-19,,2023-10-01 03:41:57,2023-10-01 03:41:57,"1",,"42412"
"244","394",0,,,,,0,2013-11-19,,2023-10-01 03:41:57,2023-10-01 03:41:57,"1",,"42412"
"245","395",0,,,,,0,2013-11-20,,2023-10-01 03:41:57,2023-10-01 03:41:57,"1",,"42412"
"246","396",0,,,,,1,2013-11-25,,2023-10-01 03:41:57,2023-10-01 16:20:51,"605",,"42412"
"560","397",0,,,,,1,2013-11-27,,2023-10-01 03:41:57,2023-10-01 12:00:07,"30",,"42412"
"561","398",0,,,,,0,2013-11-27,,2023-10-01 03:41:57,2023-10-01 03:41:57,"1",,"42412"
"247","399",0,,,,,1,2013-12-18,,2023-10-01 03:41:57,2023-10-01 13:39:43,"605",,"42412"
"562","400",0,,,,,1,2014-01-08,,2023-10-01 03:41:57,2023-10-01 15:17:30,"30",,"42412"
"563","401",0,,,,,0,2014-01-08,,2023-10-01 03:41:57,2023-10-01 03:41:57,"1",,"42412"
"756","402",0,,,,,0,2014-02-21,,2023-10-01 03:41:57,2023-10-01 03:41:57,"1",,"42412"
"758","405",0,,,,,1,2014-04-01,,2023-10-01 03:41:57,2023-10-01 15:33:10,"30",,"42412"
"564","406",0,,,,,0,2014-04-03,,2023-10-01 03:41:57,2023-10-01 03:41:57,"1",,"42412"
"565","407",0,,,,,1,2014-04-03,,2023-10-01 03:41:57,2023-10-01 15:28:08,"30",,"42412"
"566","408",0,,,,,0,2014-04-29,,2023-10-01 03:41:57,2023-10-01 03:41:57,"1",,"42412"
"567","409",0,,,,,1,2014-10-01,,2023-10-01 03:41:57,2023-10-01 12:10:47,"30",,"42412"
"760","411",0,,,,,1,2014-05-08,,2023-10-01 03:41:57,2023-10-01 13:34:59,"30",,"42412"
"761","412",0,,,,,0,2014-05-08,,2023-10-01 03:41:57,2023-10-01 03:41:57,"1",,"42412"
"762","413",0,,,,,1,2014-05-08,,2023-10-01 03:41:57,2023-10-01 13:35:21,"30",,"42412"
"763","414",0,,,,,1,2014-05-08,,2023-10-01 03:41:57,2023-10-01 14:57:04,"27",,"42412"
"764","415",0,,,,,0,2014-05-08,,2023-10-01 03:41:57,2023-10-01 03:41:57,"1",,"42412"
"765","416",0,,,,,0,2014-05-08,,2023-10-01 03:41:57,2023-10-01 03:41:57,"1",,"42412"
"249","417",0,,,,,1,2014-06-05,,2023-10-01 03:41:57,2023-10-01 13:28:45,"605",,"42412"
"250","418",0,,,,,1,2014-10-01,,2023-10-01 03:41:57,2023-10-01 14:15:58,"605",,"42412"
"252","420",0,,,,,1,2014-06-17,,2023-10-01 03:41:57,2023-10-01 14:16:40,"605",,"42412"
"253","421",0,,,,,1,2014-09-03,,2023-10-01 03:41:57,2023-10-01 14:30:09,"605",,"42412"
"254","422",0,,,,,1,2014-09-17,,2023-10-01 03:41:57,2023-10-01 14:34:55,"605",,"42412"
"568","424",0,,,,,0,2014-10-01,,2023-10-01 03:41:57,2023-10-01 03:41:57,"1",,"42412"
"569","425",0,,,,,1,2014-10-01,,2023-10-01 03:41:57,2023-10-01 11:49:29,"30",,"42412"
"766","426",0,,,,,0,2014-11-06,,2023-10-01 03:41:57,2023-10-01 03:41:57,"1",,"42412"
"767","427",0,,,,,1,2014-12-02,,2023-10-01 03:41:57,2023-10-01 13:28:15,"30",,"42412"
"523","430",1,1,1,1,1,0,2014-12-17,,2023-10-01 03:41:57,2023-10-01 11:13:14,"27",,"42412"
"524","431",1,1,1,1,1,0,2014-12-19,,2023-10-01 03:41:57,2023-10-01 10:48:12,"27",,"42412"
"525","432",0,,,,,0,2014-12-19,,2023-10-01 03:41:57,2023-10-01 03:41:57,"1",,"42412"
"526","433",0,,,,,0,2014-12-17,,2023-10-01 03:41:57,2023-10-01 03:41:57,"1",,"42412"
"527","434",1,1,1,1,1,0,2014-12-19,,2023-10-01 03:41:57,2023-10-01 11:15:52,"27",,"42412"
"528","435",0,,,,,0,2014-12-19,,2023-10-01 03:41:57,2023-10-01 03:41:57,"1",,"42412"
"536","436",0,,,,,1,2015-01-06,,2023-10-01 03:41:57,2023-10-01 16:26:11,"27",,"42412"
"537","437",0,,,,,0,2015-01-15,,2023-10-01 03:41:57,2023-10-01 03:41:57,"1",,"42412"
"538","438",1,1,1,1,1,0,2020-12-01,,2023-10-01 03:41:57,2023-10-01 11:16:42,"27",,"42412"
"589","439",0,,,,,1,2012-08-20,,2023-10-01 03:41:57,2023-12-17 22:49:46,"27",,"42412"
"256","440",0,,,,,0,2015-01-22,,2023-10-01 03:41:57,2023-10-01 03:41:57,"1",,"42412"
"257","441",0,,,,,0,2014-01-01,,2023-10-01 03:41:57,2023-10-01 03:41:57,"1",,"42412"
"258","442",0,,,,,0,2015-01-22,,2023-10-01 03:41:57,2023-10-01 03:41:57,"1",,"42412"
"259","443",0,,,,,0,2015-01-23,,2023-10-01 03:41:57,2023-10-01 03:41:57,"1",,"42412"
"590","445",0,,,,,1,2009-10-16,,2023-10-01 03:41:57,2023-12-17 22:16:43,"27",,"42412"
"261","446",0,,,,,0,2015-01-26,,2023-10-01 03:41:57,2023-10-01 03:41:57,"1",,"42412"
"591","447",0,,,,,1,2014-01-01,,2023-10-01 03:41:57,2023-10-01 15:19:56,"605",,"42412"
"768","448",0,,,,,0,2015-01-01,,2023-10-01 03:41:57,2023-10-01 03:41:57,"1",,"42412"
"262","449",0,,,,,1,2015-01-01,,2023-10-01 03:41:57,2023-10-01 16:22:13,"605",,"42412"
"263","450",0,,,,,1,2015-01-01,,2023-10-01 03:41:57,2023-10-01 13:10:27,"605",,"42412"
"264","451",0,,,,,0,2014-11-01,,2023-10-01 03:41:57,2023-10-01 03:41:57,"1",,"42412"
"265","452",0,,,,,1,2015-03-01,,2023-10-01 03:41:57,2023-10-01 15:28:51,"605",,"42412"
"266","453",0,,,,,0,2015-03-16,,2023-10-01 03:41:57,2023-10-01 03:41:57,"1",,"42412"
"1041","454",0,,,,,1,2015-03-17,,2023-10-01 03:41:57,2023-10-01 11:44:19,"30",,"42412"
"267","455",0,,,,,0,2015-03-17,,2023-10-01 03:41:57,2023-10-01 03:41:57,"1",,"42412"
"269","457",0,,,,,0,2015-01-01,,2023-10-01 03:41:57,2023-10-01 03:41:57,"1",,"42412"
"270","458",0,,,,,1,2015-03-01,,2023-10-01 03:41:57,2023-10-01 15:29:41,"605",,"42412"
"274","462",0,,,,,1,2015-03-27,,2023-10-01 03:41:57,2023-10-01 16:28:45,"27",,"42412"
"592","463",0,,,,,1,2010-06-10,,2023-10-01 03:41:57,2023-12-17 22:34:51,"27",,"42412"
"275","465",0,,,,,0,2015-01-01,,2023-10-01 03:41:57,2023-10-01 03:41:57,"1",,"42412"
"593","466",0,,,,,1,2012-02-23,,2023-10-01 03:41:57,2023-12-17 22:56:28,"27",,"42412"
"276","467",0,,,,,0,2015-01-01,,2023-10-01 03:41:57,2023-10-01 03:41:57,"1",,"42412"
"570","468",0,,,,,1,2015-10-01,,2023-10-01 03:41:57,2023-10-01 15:35:18,"30",,"42412"
"770","470",0,,,,,1,2012-12-14,,2023-10-01 03:41:57,2023-10-01 12:06:13,"30",,"42412"
"772","472",0,,,,,0,2015-09-28,,2023-10-01 03:41:57,2023-10-01 03:41:57,"1",,"42412"
"773","473",0,,,,,0,2015-09-28,,2023-10-01 03:41:57,2023-10-01 03:41:57,"1",,"42412"
"571","479",0,,,,,0,2015-11-02,,2023-10-01 03:41:57,2023-10-01 03:41:57,"1",,"42412"
"572","480",0,,,,,0,2015-11-02,,2023-10-01 03:41:57,2023-10-01 03:41:57,"1",,"42412"
"573","481",0,,,,,1,2013-10-28,,2023-10-01 03:41:57,2023-10-01 15:28:36,"30",,"42412"
"574","482",0,,,,,1,2013-10-28,,2023-10-01 03:41:57,2023-10-01 15:29:03,"30",,"42412"
"780","485",0,,,,,0,2016-01-13,,2023-10-01 03:41:57,2023-10-01 03:41:57,"1",,"42412"
"781","486",0,,,,,1,2016-02-03,,2023-10-01 03:41:57,2023-10-01 13:05:21,"30",,"42412"
"279","487",0,,,,,1,2016-03-01,,2023-10-01 03:41:57,2023-10-01 13:34:15,"605",,"42412"
"575","490",0,,,,,1,2013-10-28,,2023-10-01 03:41:57,2023-10-01 15:36:21,"30",,"42412"
"576","491",0,,,,,0,2016-07-20,,2023-10-01 03:41:57,2023-10-01 03:41:57,"1",,"42412"
"283","493",0,,,,,1,2015-01-26,,2023-10-01 03:41:57,2023-12-17 23:01:10,"27",,"42412"
"782","494",0,,,,,0,2016-12-15,,2023-10-01 03:41:57,2023-10-01 03:41:57,"1",,"42412"
"284","495",0,,,,,0,2016-12-20,,2023-10-01 03:41:57,2023-10-01 03:41:57,"1",,"42412"
"577","496",0,,,,,0,2016-12-29,2022-03-16,2023-10-01 03:41:57,2023-10-01 03:41:57,"1",,"42412"
"578","497",0,,,,,0,2016-12-29,2022-03-16,2023-10-01 03:41:57,2023-10-01 03:41:57,"1",,"42412"
"594","498",0,,,,,1,2012-04-02,,2023-10-01 03:41:57,2023-10-01 15:24:02,"605",,"42412"
"285","499",0,,,,,1,2016-07-01,,2023-10-01 03:41:57,2023-10-01 14:10:18,"605",,"42412"
"287","501",0,,,,,0,2017-01-01,,2023-10-01 03:41:57,2023-10-01 03:41:57,"1",,"42412"
"288","502",0,,,,,0,2016-10-01,2023-09-03,2023-10-01 03:41:57,2023-10-17 17:42:11,"227",,"42412"
"1239","502",0,,,,,1,2023-09-04,,2024-06-06 16:20:56,2024-06-06 16:20:56,"227",,"42412"
"289","503",0,,,,,0,2015-10-01,,2023-10-01 03:41:57,2023-10-01 03:41:57,"1",,"42412"
"1190","504",0,,,,,1,2023-09-30,,2023-12-05 11:16:15,2024-03-05 11:39:50,"227",,"42412"
"291","505",0,,,,,1,2016-08-01,,2023-10-01 03:41:57,2023-10-01 13:44:41,"605",,"42412"
"292","506",0,,,,,1,2017-03-01,,2023-10-01 03:41:57,2023-10-01 15:02:21,"605",,"42412"
"293","507",0,,,,,0,2016-10-01,,2023-10-01 03:41:57,2023-10-01 03:41:57,"1",,"42412"
"294","508",0,,,,,0,2016-10-01,,2023-10-01 03:41:57,2023-10-01 03:41:57,"1",,"42412"
"295","509",0,,,,,0,2017-03-17,,2023-10-01 03:41:57,2023-10-01 03:41:57,"1",,"42412"
"296","510",0,,,,,1,2017-11-01,,2023-10-01 03:41:57,2023-10-01 13:26:07,"605",,"42412"
"297","511",0,,,,,0,2016-10-01,,2023-10-01 03:41:57,2023-10-01 03:41:57,"1",,"42412"
"298","512",0,,,,,0,2015-10-01,,2023-10-01 03:41:57,2023-10-01 03:41:57,"1",,"42412"
"299","513",0,,,,,0,2016-10-01,,2023-10-01 03:41:57,2023-10-01 03:41:57,"1",,"42412"
"300","514",0,,,,,1,2016-10-02,,2023-10-01 03:41:57,2023-12-17 22:29:11,"27",,"42412"
"301","515",0,,,,,0,2016-10-01,,2023-10-01 03:41:57,2023-10-01 03:41:57,"1",,"42412"
"302","516",0,,,,,1,2017-04-01,2023-12-31,2023-10-01 03:41:57,2023-10-01 14:22:25,"605",,"42412"
"303","517",0,,,,,1,2016-10-01,,2023-10-01 03:41:57,2023-10-01 10:54:13,"27",,"42412"
"595","518",0,,,,,1,2015-04-10,,2023-10-01 03:41:57,2023-12-17 22:59:08,"27",,"42412"
"304","519",0,,,,,0,2017-06-12,,2023-10-01 03:41:57,2023-10-01 03:41:57,"1",,"42412"
"783","520",0,,,,,1,2017-07-10,,2023-10-01 03:41:57,2023-10-01 11:53:43,"30",,"42412"
"529","522",1,1,1,1,1,0,2017-07-28,,2023-10-01 03:41:57,2023-10-01 11:10:58,"27",,"42412"
"530","523",0,,,,,0,2017-07-28,,2023-10-01 03:41:57,2023-10-01 03:41:57,"1",,"42412"
"306","524",0,,,,,1,2016-01-01,,2023-10-01 03:41:57,2023-10-01 15:24:48,"605",,"42412"
"784","526",0,,,,,1,2013-01-16,,2023-10-01 03:41:57,2023-10-01 13:29:55,"30",,"42412"
"785","528",0,,,,,1,2018-01-01,,2023-10-01 03:41:57,2023-10-01 13:44:23,"30",,"42412"
"309","529",0,,,,,1,2017-10-02,,2023-10-01 03:41:57,2023-10-01 14:28:38,"605",,"42412"
"310","530",0,,,,,1,2016-10-01,,2023-10-01 03:41:57,2023-10-01 15:50:32,"27",,"42412"
"786","531",0,,,,,1,2018-01-01,,2023-10-01 03:41:57,2023-10-01 15:07:10,"30",,"42412"
"787","532",0,,,,,0,2018-01-01,,2023-10-01 03:41:57,2023-10-01 03:41:57,"1",,"42412"
"311","533",0,,,,,1,2017-09-01,,2023-10-01 03:41:57,2023-10-01 14:20:15,"605",,"42412"
"312","534",0,,,,,1,2018-01-22,,2023-10-01 03:41:57,2023-10-01 16:13:57,"30",,"42412"
"1065","535",1,1,1,1,1,0,2018-01-01,2023-03-01,2023-10-01 11:23:03,2023-10-01 11:23:03,"27",,"42412"
"314","537",0,,,,,0,2018-02-01,2022-12-31,2023-10-01 03:41:57,2023-10-01 03:41:57,"1",,"42412"
"315","538",0,,,,,0,2018-01-01,,2023-10-01 03:41:57,2023-10-01 03:41:57,"1",,"42412"
"1066","539",1,1,1,1,1,0,2018-01-01,,2023-10-01 11:39:53,2023-10-01 11:39:53,"27",,"42412"
"1169","540",1,1,1,1,1,0,2018-01-01,,2023-10-01 14:17:50,2023-10-04 15:43:58,"227",,"42412"
"1067","541",1,1,1,1,1,0,2018-01-01,,2023-10-01 11:42:58,2023-10-01 11:42:58,"27",,"42412"
"316","542",0,,,,,0,2018-01-01,,2023-10-01 03:41:57,2023-10-01 03:41:57,"1",,"42412"
"317","543",0,,,,,0,2018-01-01,,2023-10-01 03:41:57,2023-10-01 03:41:57,"1",,"42412"
"1068","544",1,1,1,1,1,0,2018-01-01,,2023-10-01 11:43:41,2023-10-01 11:43:41,"27",,"42412"
"318","545",0,,,,,0,2017-12-07,2022-10-01,2023-10-01 03:41:57,2023-10-01 03:41:57,"1",,"42412"
"319","546",0,,,,,1,2015-10-01,,2023-10-01 03:41:57,2023-10-01 15:54:17,"605",,"42412"
"579","548",0,,,,,0,2015-10-01,,2023-10-01 03:41:57,2023-10-01 03:41:57,"1",,"42412"
"1069","549",1,1,1,1,1,0,2018-01-01,,2023-10-01 11:44:25,2023-10-01 11:44:25,"27",,"42412"
"788","550",0,,,,,1,2013-01-01,,2023-10-01 03:41:57,2023-10-01 12:02:32,"30",,"42412"
"789","551",0,,,,,1,2018-10-01,,2023-10-01 03:41:57,2023-10-01 15:42:24,"30",,"42412"
"790","552",0,,,,,1,2018-10-01,,2023-10-01 03:41:57,2023-10-01 12:00:32,"30",,"42412"
"580","553",0,,,,,0,2020-10-01,,2023-10-01 03:41:57,2023-10-01 03:41:57,"1",,"42412"
"581","554",0,,,,,1,2020-10-01,,2023-10-01 03:41:57,2023-10-01 15:29:54,"30",,"42412"
"1070","556",1,1,1,1,1,0,2015-01-06,,2023-10-01 11:45:44,2023-10-01 11:45:44,"27",,"42412"
"627","557",0,,,,,1,2018-10-01,,2023-10-01 03:41:57,2023-10-01 11:37:01,"30",,"42412"
"628","558",0,,,,,1,2018-10-01,,2023-10-01 03:41:57,2023-10-01 15:09:43,"27",,"42412"
"539","559",0,,,,,1,2018-12-10,,2023-10-01 03:41:57,2023-10-01 11:37:31,"30",,"42412"
"582","560",0,,,,,1,2015-10-01,,2023-10-01 03:41:57,2023-10-01 15:34:53,"30",,"42412"
"583","561",0,,,,,0,2015-10-01,,2023-10-01 03:41:57,2023-10-01 03:41:57,"1",,"42412"
"791","562",0,,,,,0,2013-01-07,,2023-10-01 03:41:57,2023-10-01 03:41:57,"1",,"42412"
"792","563",0,,,,,1,2018-10-01,,2023-10-01 03:41:57,2023-10-01 15:10:25,"27",,"42412"
"793","564",0,,,,,0,2013-01-07,,2023-10-01 03:41:57,2023-10-01 03:41:57,"1",,"42412"
"794","565",0,,,,,1,2019-01-01,,2023-10-01 03:41:57,2023-10-01 15:11:36,"27",,"42412"
"796","567",0,,,,,1,2019-01-01,,2023-10-01 03:41:57,2023-10-01 15:20:19,"30",,"42412"
"797","568",0,,,,,0,2019-01-01,,2023-10-01 03:41:57,2023-10-01 03:41:57,"1",,"42412"
"798","569",0,,,,,1,2019-01-01,,2023-10-01 03:41:57,2023-10-01 13:38:03,"30",,"42412"
"799","570",0,,,,,0,2019-01-01,,2023-10-01 03:41:57,2023-10-01 03:41:57,"1",,"42412"
"1071","571",1,1,1,1,1,0,2018-01-01,,2023-10-01 11:46:52,2023-10-01 11:46:52,"27",,"42412"
"322","578",0,,,,,1,2019-01-01,,2023-10-01 03:41:57,2023-10-01 15:52:30,"605",,"42412"
"323","579",0,,,,,1,2019-01-21,,2023-10-01 03:41:57,2023-10-01 15:53:07,"605",,"42412"
"324","580",0,,,,,1,2018-12-01,,2023-10-01 03:41:57,2023-10-01 13:21:14,"605",,"42412"
"596","581",0,,,,,1,2018-04-01,,2023-10-01 03:41:57,2023-10-01 15:30:29,"605",,"42412"
"806","582",0,,,,,0,2019-01-01,2022-02-28,2023-10-01 03:41:57,2023-10-01 03:41:57,"1",,"42412"
"325","583",0,,,,,0,2019-01-01,,2023-10-01 03:41:57,2023-10-01 03:41:57,"1",,"42412"
"326","588",0,,,,,0,2017-01-01,,2023-10-01 03:41:57,2023-10-01 03:41:57,"1",,"42412"
"327","589",0,,,,,0,2018-06-17,,2023-10-01 03:41:57,2023-10-01 03:41:57,"1",,"42412"
"629","590",0,,,,,1,2018-10-01,,2023-10-01 03:41:57,2023-10-01 15:13:07,"27",,"42412"
"630","591",0,,,,,1,2018-10-01,,2023-10-01 03:41:57,2023-10-01 15:13:45,"27",,"42412"
"631","592",0,,,,,1,2018-10-01,,2023-10-01 03:41:57,2023-10-01 15:14:38,"27",,"42412"
"632","593",0,,,,,1,2018-10-01,,2023-10-01 03:41:57,2023-10-01 15:15:23,"27",,"42412"
"330","598",0,,,,,0,2018-10-01,,2023-10-01 03:41:57,2023-10-01 03:41:57,"1",,"42412"
"331","600",0,,,,,0,2018-10-01,,2023-10-01 03:41:57,2023-10-01 03:41:57,"1",,"42412"
"815","603",0,,,,,1,2019-01-01,2021-12-31,2023-10-01 03:41:57,2023-10-01 15:08:27,"30",,"42412"
"584","605",0,,,,,0,2018-10-01,,2023-10-01 03:41:57,2023-10-01 03:41:57,"1",,"42412"
"585","606",0,,,,,1,2018-10-01,,2023-10-01 03:41:57,2023-10-01 15:37:08,"30",,"42412"
"333","607",0,,,,,1,2019-05-06,,2023-10-01 03:41:57,2023-10-01 11:33:38,"30",,"42412"
"1072","608",1,1,1,1,1,0,2019-04-24,,2023-10-01 11:48:34,2023-10-01 11:48:34,"27",,"42412"
"1073","610",1,1,1,1,1,0,2018-01-01,,2023-10-01 11:50:10,2023-10-01 11:50:10,"27",,"42412"
"1074","611",1,1,1,1,1,0,2018-01-01,,2023-10-01 11:52:08,2023-10-01 11:52:08,"27",,"42412"
"1075","612",1,1,1,1,1,0,2018-01-01,,2023-10-01 11:53:21,2023-10-01 11:53:21,"27",,"42412"
"1076","613",1,1,1,1,1,0,2018-01-01,,2023-10-01 11:59:26,2023-10-01 11:59:26,"27",,"42412"
"1077","614",1,1,1,1,1,0,2018-01-01,,2023-10-01 11:59:45,2023-10-01 11:59:45,"27",,"42412"
"1078","615",1,1,1,1,1,0,2018-01-01,,2023-10-01 12:00:04,2023-10-01 12:00:04,"27",,"42412"
"1079","616",1,1,1,1,1,0,2018-01-01,,2023-10-01 12:00:22,2023-10-01 12:00:22,"27",,"42412"
"1080","617",1,1,1,1,1,0,2018-01-01,,2023-10-01 12:00:43,2023-10-01 12:00:43,"27",,"42412"
"1081","618",1,1,1,1,1,0,2018-01-01,,2023-10-01 12:01:03,2023-10-01 12:01:03,"27",,"42412"
"1082","619",1,1,1,1,1,0,2018-01-01,,2023-10-01 12:01:24,2023-10-01 12:01:24,"27",,"42412"
"1083","622",1,1,1,1,1,0,2018-01-01,,2023-10-01 12:02:41,2023-10-01 12:02:41,"27",,"42412"
"1084","623",1,1,1,1,1,0,2018-01-01,,2023-10-01 12:03:23,2023-10-01 12:03:23,"27",,"42412"
"1085","624",1,1,1,1,1,0,2018-01-01,,2023-10-01 12:03:44,2023-10-01 12:03:44,"27",,"42412"
"1086","626",1,1,1,1,1,0,2018-01-01,,2023-10-01 12:04:01,2023-10-01 12:04:01,"27",,"42412"
"1087","627",1,1,1,1,1,0,2018-01-01,,2023-10-01 12:04:17,2023-10-01 12:04:17,"27",,"42412"
"1088","628",1,1,1,1,1,0,2018-01-01,,2023-10-01 12:04:38,2023-10-01 12:04:38,"27",,"42412"
"1089","629",1,1,1,1,1,0,2018-01-01,,2023-10-01 12:19:33,2023-10-01 12:19:33,"27",,"42412"
"1091","630",1,1,1,1,1,0,2018-01-01,,2023-10-01 12:21:03,2023-10-01 12:21:03,"27",,"42412"
"1092","631",1,1,1,1,1,0,2018-01-01,,2023-10-01 12:21:24,2023-10-01 12:21:24,"27",,"42412"
"1093","632",1,1,1,1,1,0,2018-01-01,,2023-10-01 12:21:41,2023-10-01 12:21:41,"27",,"42412"
"1094","633",1,1,1,1,1,0,2018-01-01,,2023-10-01 12:22:01,2023-10-01 12:22:01,"27",,"42412"
"1095","634",1,1,1,1,1,0,2018-01-01,,2023-10-01 12:22:20,2023-10-01 12:22:20,"27",,"42412"
"1096","635",1,1,1,1,1,0,2018-01-01,,2023-10-01 12:22:38,2023-10-01 12:22:38,"27",,"42412"
"1097","636",1,1,1,1,1,0,2018-01-01,,2023-10-01 12:22:59,2023-10-01 12:22:59,"27",,"42412"
"1098","637",1,1,1,1,1,0,2018-01-01,,2023-10-01 12:23:15,2023-10-01 12:23:15,"27",,"42412"
"1099","638",1,1,1,1,1,0,2018-01-01,,2023-10-01 12:23:36,2023-10-01 12:23:36,"27",,"42412"
"1100","639",1,1,1,1,1,0,2018-01-01,,2023-10-01 12:23:53,2023-10-01 12:23:53,"27",,"42412"
"1101","640",1,1,1,1,1,0,2018-01-01,,2023-10-01 12:24:12,2023-10-01 12:24:12,"27",,"42412"
"1090","641",1,1,1,1,1,0,2018-01-01,,2023-10-01 12:20:20,2023-10-01 12:20:20,"27",,"42412"
"1102","642",1,1,1,1,1,0,2018-01-01,,2023-10-01 12:24:58,2023-10-01 12:24:58,"27",,"42412"
"1103","643",1,1,1,1,1,0,2018-01-01,,2023-10-01 12:25:27,2023-10-01 12:25:27,"27",,"42412"
"1104","644",1,1,1,1,1,0,2018-01-01,,2023-10-01 12:25:58,2023-10-01 12:25:58,"27",,"42412"
"1105","645",1,1,1,1,1,0,2018-01-01,,2023-10-01 12:26:33,2023-10-01 12:26:33,"27",,"42412"
"1106","646",1,1,1,1,1,0,2018-01-01,,2023-10-01 12:27:15,2023-10-01 12:27:15,"27",,"42412"
"1107","647",1,1,1,1,1,0,2018-01-01,,2023-10-01 12:27:32,2023-10-01 12:27:32,"27",,"42412"
"1108","648",1,1,1,1,1,0,2018-01-01,,2023-10-01 12:27:49,2023-10-01 12:27:49,"27",,"42412"
"1109","649",1,1,1,1,1,0,2018-01-01,,2023-10-01 12:28:29,2023-10-01 12:28:29,"27",,"42412"
"1110","650",1,1,1,1,1,0,2018-01-01,,2023-10-01 12:28:48,2023-10-01 12:28:48,"27",,"42412"
"1111","651",1,1,1,1,1,0,2018-01-01,,2023-10-01 12:29:15,2023-10-01 12:29:15,"27",,"42412"
"1112","653",1,1,1,1,1,0,2018-01-01,,2023-10-01 12:29:32,2023-10-01 12:29:32,"27",,"42412"
"1113","655",1,1,1,1,1,0,2018-01-01,,2023-10-01 12:30:00,2023-10-01 12:30:00,"27",,"42412"
"1114","656",1,1,1,1,1,0,2018-01-01,,2023-10-01 12:34:39,2023-10-01 12:34:39,"27",,"42412"
"1176","657",1,1,1,1,1,0,2018-01-01,,2023-10-02 06:18:53,2023-10-04 15:42:31,"27",,"42412"
"1170","658",1,1,1,1,1,0,2018-01-01,,2023-10-01 14:28:51,2023-10-01 14:28:51,"27",,"42412"
"1171","659",1,1,1,1,1,0,2018-01-01,,2023-10-01 14:29:22,2023-10-01 14:29:22,"27",,"42412"
"1172","660",1,1,1,1,1,0,2018-01-01,,2023-10-01 14:30:06,2023-10-01 14:30:06,"27",,"42412"
"1173","662",1,1,1,1,1,0,2018-01-01,,2023-10-01 14:30:44,2023-10-01 14:30:44,"27",,"42412"
"1174","663",1,1,1,1,1,0,2018-01-01,,2023-10-01 14:31:47,2023-10-01 14:31:47,"27",,"42412"
"1175","664",1,1,1,1,1,0,2018-01-01,,2023-10-01 14:32:18,2023-10-01 14:32:18,"27",,"42412"
"1115","665",1,1,1,1,1,0,2018-01-01,,2023-10-01 13:04:05,2023-10-01 13:04:05,"27",,"42412"
"1116","666",1,1,1,1,1,0,2018-01-01,,2023-10-01 13:04:26,2023-10-01 13:04:26,"27",,"42412"
"1117","667",1,1,1,1,1,0,2018-01-01,,2023-10-01 13:04:56,2023-10-01 13:04:56,"27",,"42412"
"1118","668",1,1,1,1,1,1,2018-01-01,,2023-10-01 13:05:26,2023-10-01 13:05:26,"27",,"42412"
"1119","669",1,1,1,1,1,0,2018-01-01,,2023-10-01 13:06:15,2023-10-01 13:06:15,"27",,"42412"
"1120","671",1,1,1,1,1,0,2018-01-01,,2023-10-01 13:06:35,2023-10-01 13:06:35,"27",,"42412"
"1121","672",1,1,1,1,1,0,2018-01-01,,2023-10-01 13:06:55,2023-10-01 13:06:55,"27",,"42412"
"1122","673",1,1,1,1,1,0,2018-01-01,,2023-10-01 13:07:42,2023-10-01 13:07:42,"27",,"42412"
"1123","675",1,1,1,1,1,0,2018-01-01,,2023-10-01 13:08:12,2023-10-01 13:08:12,"27",,"42412"
"1124","676",1,1,1,1,1,0,2018-01-01,,2023-10-01 13:10:27,2023-10-01 13:10:27,"27",,"42412"
"1125","677",1,1,1,1,1,0,2018-01-01,,2023-10-01 13:11:51,2023-10-01 13:11:51,"27",,"42412"
"1126","678",1,1,1,1,1,0,2018-01-01,,2023-10-01 13:12:35,2023-10-01 13:12:35,"27",,"42412"
"1127","679",1,1,1,1,1,0,2018-01-01,,2023-10-01 13:13:16,2023-10-01 13:13:16,"27",,"42412"
"1128","680",1,1,1,1,1,0,2018-01-01,,2023-10-01 13:13:46,2023-10-01 13:13:46,"27",,"42412"
"1129","681",1,1,1,1,1,0,2018-01-01,,2023-10-01 13:14:36,2023-10-01 13:14:36,"27",,"42412"
"1130","682",1,1,1,1,1,0,2018-01-01,,2023-10-01 13:15:00,2023-10-01 13:15:00,"27",,"42412"
"1131","683",1,1,1,1,1,0,2018-01-01,,2023-10-01 13:15:44,2023-10-01 13:15:44,"27",,"42412"
"1132","684",1,1,1,1,1,0,2018-01-01,,2023-10-01 13:16:12,2023-10-01 13:16:12,"27",,"42412"
"1133","685",1,1,1,1,1,0,2018-01-01,,2023-10-01 13:16:31,2023-10-01 13:16:31,"27",,"42412"
"1134","686",1,1,1,1,1,0,2018-01-01,,2023-10-01 13:16:49,2023-10-01 13:16:49,"27",,"42412"
"1135","687",1,1,1,1,1,0,2018-01-01,,2023-10-01 13:17:47,2023-10-01 13:17:47,"27",,"42412"
"1136","688",1,1,1,1,1,0,2018-01-01,,2023-10-01 13:18:15,2023-10-01 13:18:15,"27",,"42412"
"1137","690",1,1,1,1,1,0,2018-01-01,,2023-10-01 13:18:46,2023-10-01 13:18:46,"27",,"42412"
"1138","691",1,1,1,1,1,0,2018-01-01,,2023-10-01 13:20:06,2023-10-01 13:20:06,"27",,"42412"
"1139","692",1,1,1,1,1,0,2018-01-01,,2023-10-01 13:20:45,2023-10-01 13:20:45,"27",,"42412"
"1140","693",1,1,1,1,1,0,2018-01-01,,2023-10-01 13:21:18,2023-10-01 13:21:18,"27",,"42412"
"1141","695",1,1,1,1,1,0,2018-01-01,,2023-10-01 13:22:12,2023-10-01 13:22:12,"27",,"42412"
"1142","696",1,1,1,1,1,0,2018-01-01,,2023-10-01 13:22:49,2023-10-01 13:22:49,"27",,"42412"
"1143","697",1,1,1,1,1,0,2018-01-01,,2023-10-01 13:23:18,2023-10-01 13:23:18,"27",,"42412"
"1144","698",1,1,1,1,1,0,2018-01-01,,2023-10-01 13:23:50,2023-10-01 13:23:50,"27",,"42412"
"1145","699",1,1,1,1,1,0,2018-01-01,,2023-10-01 13:24:19,2023-10-01 13:24:19,"27",,"42412"
"1146","700",1,1,1,1,1,0,2018-01-01,,2023-10-01 13:24:36,2023-10-01 13:24:36,"27",,"42412"
"1147","701",1,1,1,1,1,0,2018-01-01,,2023-10-01 13:25:20,2023-10-01 13:25:20,"27",,"42412"
"818","703",0,,,,,1,2019-01-01,2022-09-30,2023-10-01 03:41:57,2023-10-01 13:38:27,"30",,"42412"
"819","704",0,,,,,1,2019-01-01,2023-02-28,2023-10-01 03:41:57,2023-10-01 12:11:04,"30",,"42412"
"820","705",0,,,,,1,2019-01-01,2022-09-30,2023-10-01 03:41:57,2023-10-01 15:20:42,"30",,"42412"
"1148","707",1,1,1,1,1,0,2019-06-28,,2023-10-01 13:34:43,2023-10-01 13:34:43,"27",,"42412"
"1149","708",1,1,1,1,1,0,2019-07-05,,2023-10-01 13:35:39,2023-10-01 13:35:39,"27",,"42412"
"1150","710",1,1,1,1,1,0,2019-01-01,,2023-10-01 13:36:29,2023-10-01 13:36:29,"27",,"42412"
"1151","711",1,1,1,1,1,0,2019-01-01,,2023-10-01 13:38:08,2023-10-01 13:38:08,"27",,"42412"
"334","713",0,,,,,1,2018-07-20,,2023-10-01 03:41:57,2023-12-17 22:39:34,"27",,"42412"
"821","714",0,,,,,0,2019-09-01,2022-07-31,2023-10-01 03:41:57,2023-10-01 03:41:57,"1",,"42412"
"822","715",0,,,,,1,2019-10-01,2022-09-30,2023-10-01 03:41:57,2023-10-01 13:38:48,"30",,"42412"
"1152","716",1,1,1,1,1,0,2015-01-06,,2023-10-01 13:38:42,2023-10-01 13:38:42,"27",,"42412"
"823","717",0,,,,,0,2020-01-01,,2023-10-01 03:41:57,2023-10-01 03:41:57,"1",,"42412"
"824","718",0,,,,,1,2019-12-01,,2023-10-01 03:41:57,2023-10-01 11:56:07,"30",,"42412"
"825","719",0,,,,,1,2019-12-01,,2023-10-01 03:41:57,2023-10-01 13:10:55,"30",,"42412"
"826","720",0,,,,,1,2019-12-01,,2023-10-01 03:41:57,2023-10-01 13:54:42,"30",,"42412"
"827","721",0,,,,,1,2020-01-01,2022-09-30,2023-10-01 03:41:57,2023-10-01 13:45:21,"30",,"42412"
"828","722",0,,,,,1,2020-01-01,2022-09-30,2023-10-01 03:41:57,2023-10-01 13:41:24,"30",,"42412"
"829","723",0,,,,,1,2020-01-01,2022-09-30,2023-10-01 03:41:57,2023-10-01 15:07:33,"30",,"42412"
"830","724",0,,,,,1,2020-01-01,2022-09-30,2023-10-01 03:41:57,2023-10-01 13:08:54,"30",,"42412"
"831","725",0,,,,,1,2020-01-01,2023-10-31,2023-10-01 03:41:57,2024-03-07 09:40:03,"227",,"42412"
"835","729",0,,,,,0,2020-01-01,2021-12-31,2023-10-01 03:41:57,2023-10-01 03:41:57,"1",,"42412"
"335","730",0,,,,,0,2019-10-01,,2023-10-01 03:41:57,2023-10-01 03:41:57,"1",,"42412"
"336","732",0,,,,,0,2020-01-01,,2023-10-01 03:41:57,2023-10-01 03:41:57,"1",,"42412"
"337","733",0,,,,,1,2017-03-13,,2023-10-01 03:41:57,2023-12-17 23:06:15,"27",,"42412"
"837","734",0,,,,,1,2020-01-01,,2023-10-01 03:41:57,2023-10-01 13:15:14,"30",,"42412"
"839","736",0,,,,,0,2020-01-01,,2023-10-01 03:41:57,2023-10-01 03:41:57,"1",,"42412"
"840","737",0,,,,,1,2020-01-01,2022-09-30,2023-10-01 03:41:57,2023-10-01 11:57:45,"30",,"42412"
"842","739",0,,,,,1,2020-01-01,2022-09-30,2023-10-01 03:41:57,2023-10-01 13:55:06,"30",,"42412"
"843","740",0,,,,,1,2020-01-01,2022-09-30,2023-10-01 03:41:57,2023-10-01 13:55:35,"30",,"42412"
"844","741",0,,,,,0,2020-01-01,2022-02-28,2023-10-01 03:41:57,2023-10-01 03:41:57,"1",,"42412"
"1153","742",1,1,1,1,1,0,2020-03-26,,2023-10-01 13:39:17,2023-10-01 13:39:17,"27",,"42412"
"339","744",0,,,,,1,2020-04-06,2022-09-30,2023-10-01 03:41:57,2023-10-01 16:27:25,"27",,"42412"
"1154","745",1,1,1,1,1,0,2020-09-23,,2023-10-01 13:44:50,2023-10-01 13:44:50,"27",,"42412"
"340","747",0,,,,,1,2020-04-01,2023-09-30,2023-10-01 03:41:57,2023-10-01 16:06:47,"605",,"42412"
"341","748",0,,,,,0,2020-04-01,2022-09-30,2023-10-01 03:41:57,2023-10-01 03:41:57,"1",,"42412"
"342","749",0,,,,,1,2020-04-01,2023-09-30,2023-10-01 03:41:57,2023-10-01 16:18:07,"605",,"42412"
"343","750",0,,,,,1,2020-04-15,2023-09-30,2023-10-01 03:41:57,2023-10-01 15:49:30,"30",,"42412"
"344","751",0,,,,,1,2020-04-02,2022-09-30,2023-10-01 03:41:57,2023-10-01 16:09:06,"605",,"42412"
"345","752",0,,,,,0,2020-04-02,2022-09-30,2023-10-01 03:41:57,2023-10-01 03:41:57,"1",,"42412"
"346","753",0,,,,,0,2020-04-23,2022-09-30,2023-10-01 03:41:57,2023-10-01 03:41:57,"1",,"42412"
"846","756",0,,,,,0,2012-12-27,,2023-10-01 03:41:57,2023-10-01 03:41:57,"1",,"42412"
"348","757",0,,,,,0,2020-05-01,2022-09-30,2023-10-01 03:41:57,2023-10-01 03:41:57,"1",,"42412"
"349","758",0,,,,,0,2020-04-20,2022-09-30,2023-10-01 03:41:57,2023-10-01 03:41:57,"1",,"42412"
"350","759",0,,,,,1,2020-05-01,2022-09-30,2023-10-01 03:41:57,2023-10-01 16:03:46,"605",,"42412"
"351","760",0,,,,,0,2020-04-15,2022-09-30,2023-10-01 03:41:57,2023-10-01 03:41:57,"1",,"42412"
"352","761",0,,,,,0,2020-05-01,2022-09-30,2023-10-01 03:41:57,2023-10-01 03:41:57,"1",,"42412"
"354","763",0,,,,,0,2020-05-01,2022-09-30,2023-10-01 03:41:57,2023-10-01 03:41:57,"1",,"42412"
"355","764",0,,,,,1,2020-04-02,2023-09-30,2023-10-01 03:41:57,2023-10-01 16:12:53,"30",,"42412"
"356","766",0,,,,,1,2020-04-28,,2023-10-01 03:41:57,2023-10-01 16:07:43,"30",,"42412"
"357","767",0,,,,,0,2020-05-18,2022-09-30,2023-10-01 03:41:57,2023-10-01 03:41:57,"1",,"42412"
"358","768",0,,,,,0,2020-04-02,2022-09-30,2023-10-01 03:41:57,2023-10-01 03:41:57,"1",,"42412"
"848","769",0,,,,,0,2020-05-01,2022-06-30,2023-10-01 03:41:57,2023-10-01 03:41:57,"1",,"42412"
"849","770",0,,,,,1,2020-05-01,2022-06-30,2023-10-01 03:41:57,2023-10-01 13:15:43,"30",,"42412"
"359","771",0,,,,,1,2020-04-17,2022-09-30,2023-10-01 03:41:57,2023-10-01 16:29:40,"27",,"42412"
"1042","772",0,,,,,1,2020-10-01,2022-09-30,2023-10-01 03:41:57,2023-10-01 15:16:18,"27",,"42412"
"1043","773",0,,,,,0,2020-02-01,2023-08-01,2023-10-01 03:41:57,2023-10-01 03:41:57,"1",,"42412"
"360","774",0,,,,,1,2020-03-09,2023-09-30,2023-10-01 03:41:57,2023-10-01 16:09:27,"30",,"42412"
"361","775",0,,,,,0,2020-05-18,2022-09-30,2023-10-01 03:41:57,2023-10-01 03:41:57,"1",,"42412"
"364","778",0,,,,,0,2020-04-01,2022-09-30,2023-10-01 03:41:57,2023-10-01 03:41:57,"1",,"42412"
"365","779",0,,,,,0,2020-05-11,2022-09-30,2023-10-01 03:41:57,2023-10-01 03:41:57,"1",,"42412"
"367","781",0,,,,,1,2020-10-01,2022-09-30,2023-10-01 03:41:57,2023-10-01 16:30:06,"605",,"42412"
"368","782",0,,,,,1,2019-10-01,,2023-10-01 03:41:57,2023-10-01 16:15:00,"30",,"42412"
"369","783",0,,,,,0,2020-04-02,2022-09-30,2023-10-01 03:41:57,2023-10-01 03:41:57,"1",,"42412"
"370","784",0,,,,,0,2020-05-27,2022-09-30,2023-10-01 03:41:57,2023-10-01 03:41:57,"1",,"42412"
"371","785",0,,,,,0,2020-06-01,,2023-10-01 03:41:57,2023-10-01 03:41:57,"1",,"42412"
"850","788",0,,,,,0,2020-05-01,2022-06-30,2023-10-01 03:41:57,2023-10-01 03:41:57,"1",,"42412"
"851","789",0,,,,,1,2020-05-01,2022-06-30,2023-10-01 03:41:57,2023-10-01 15:39:53,"30",,"42412"
"852","790",0,,,,,0,2020-05-01,2022-06-30,2023-10-01 03:41:57,2023-10-01 03:41:57,"1",,"42412"
"853","791",0,,,,,1,2020-05-01,2022-06-30,2023-10-01 03:41:57,2023-10-01 15:12:53,"30",,"42412"
"374","792",0,,,,,0,2020-04-13,2022-09-30,2023-10-01 03:41:57,2023-10-01 03:41:57,"1",,"42412"
"375","793",0,,,,,1,2020-04-13,,2023-10-01 03:41:57,2023-10-01 15:49:52,"27",,"42412"
"376","794",0,,,,,1,2020-06-01,2023-11-01,2023-10-01 03:41:57,2023-10-01 15:48:25,"30",,"42412"
"377","795",0,,,,,0,2020-06-22,,2023-10-01 03:41:57,2023-10-01 03:41:57,"1",,"42412"
"854","796",0,,,,,0,2020-06-15,2022-06-30,2023-10-01 03:41:57,2023-10-01 03:41:57,"1",,"42412"
"855","797",0,,,,,1,2020-10-01,2022-06-30,2023-10-01 03:41:57,2023-10-01 15:30:23,"30",,"42412"
"856","798",0,,,,,0,2020-05-01,2022-06-30,2023-10-01 03:41:57,2023-10-01 03:41:57,"1",,"42412"
"857","799",0,,,,,1,2020-05-01,2022-06-30,2023-10-01 03:41:57,2023-10-01 13:21:26,"30",,"42412"
"858","800",0,,,,,0,2020-01-01,2022-12-31,2023-10-01 03:41:57,2023-10-01 03:41:57,"1",,"42412"
"378","803",0,,,,,0,2020-07-01,2022-09-30,2023-10-01 03:41:57,2023-10-01 03:41:57,"1",,"42412"
"380","808",0,,,,,0,2020-04-01,2022-09-30,2023-10-01 03:41:57,2023-10-01 03:41:57,"1",,"42412"
"864","809",0,,,,,1,2020-10-01,2023-03-07,2023-10-01 03:41:57,2023-10-01 11:58:10,"30",,"42412"
"865","810",0,,,,,0,2020-07-15,2023-02-28,2023-10-01 03:41:57,2023-10-01 03:41:57,"1",,"42412"
"381","811",0,,,,,1,2020-08-01,2023-09-30,2023-10-01 03:41:57,2023-10-01 16:25:25,"30",,"42412"
"867","813",0,,,,,0,2020-07-31,2023-09-30,2023-10-01 03:41:57,2023-10-01 03:41:57,"1",,"42412"
"382","816",0,,,,,1,2020-08-04,2022-09-30,2023-10-01 03:41:57,2023-10-01 15:53:42,"605",,"42412"
"1044","817",0,,,,,1,2020-10-01,,2023-10-01 03:41:57,2023-10-01 11:37:58,"30",,"42412"
"871","819",0,,,,,1,2020-10-01,2023-06-15,2023-10-01 03:41:57,2023-10-01 13:05:52,"30",,"42412"
"383","820",0,,,,,1,2020-10-01,,2023-10-01 03:41:57,2023-10-01 16:24:05,"30",,"42412"
"872","821",0,,,,,1,2020-10-01,2023-09-30,2023-10-01 03:41:57,2023-10-01 15:41:51,"30",,"42412"
"873","822",0,,,,,0,2020-08-17,2022-09-01,2023-10-01 03:41:57,2023-10-01 03:41:57,"1",,"42412"
"874","823",0,,,,,1,2020-10-01,2022-03-02,2023-10-01 03:41:57,2023-10-01 14:59:44,"27",,"42412"
"875","824",0,,,,,0,2020-08-17,2022-12-05,2023-10-01 03:41:57,2023-10-01 03:41:57,"1",,"42412"
"876","825",0,,,,,1,2020-08-17,2022-10-24,2023-10-01 03:41:57,2023-10-01 15:13:21,"30",,"42412"
"877","826",0,,,,,0,2020-08-17,2022-09-22,2023-10-01 03:41:57,2023-10-01 03:41:57,"1",,"42412"
"878","827",0,,,,,1,2020-10-01,2023-01-12,2023-10-01 03:41:57,2023-10-01 12:06:38,"30",,"42412"
"879","828",0,,,,,0,2020-08-17,2022-09-29,2023-10-01 03:41:57,2023-10-01 03:41:57,"1",,"42412"
"882","831",0,,,,,1,2020-08-01,2022-06-30,2023-10-01 03:41:57,2023-10-01 14:57:50,"27",,"42412"
"883","832",0,,,,,0,2020-09-01,2023-04-10,2023-10-01 03:41:57,2023-11-01 11:41:46,"27",,"42412"
"885","834",0,,,,,1,2020-10-01,2023-05-31,2023-10-01 03:41:57,2023-11-01 11:06:27,"27",,"42412"
"886","835",0,,,,,0,2020-06-22,2023-09-30,2023-10-01 03:41:57,2023-11-01 11:09:53,"27",,"42412"
"887","836",0,,,,,0,2020-09-08,2022-06-30,2023-10-01 03:41:57,2023-10-01 03:41:57,"1",,"42412"
"888","837",0,,,,,1,2020-10-01,2022-06-30,2023-10-01 03:41:57,2023-10-01 13:48:13,"30",,"42412"
"889","838",0,,,,,1,2020-01-01,2022-09-30,2023-10-01 03:41:57,2023-11-30 08:42:48,"424",,"42412"
"890","839",0,,,,,0,2020-09-01,2023-01-30,2023-10-01 03:41:57,2023-10-01 03:41:57,"1",,"42412"
"891","840",0,,,,,1,2020-09-01,2022-07-15,2023-10-01 03:41:57,2023-10-01 15:25:29,"30",,"42412"
"892","841",0,,,,,1,2020-10-01,2022-06-30,2023-10-01 03:41:57,2023-10-01 13:13:13,"30",,"42412"
"893","842",0,,,,,0,2020-09-08,2022-06-30,2023-10-01 03:41:57,2023-10-01 03:41:57,"1",,"42412"
"894","843",0,,,,,0,2020-09-08,2022-06-30,2023-10-01 03:41:57,2023-10-01 03:41:57,"1",,"42412"
"895","844",0,,,,,1,2020-10-01,2022-06-30,2023-10-01 03:41:57,2023-10-01 13:13:44,"30",,"42412"
"896","845",0,,,,,0,2020-07-01,2023-04-08,2023-10-01 03:41:57,2023-10-01 03:41:57,"1",,"42412"
"897","846",0,,,,,1,2020-10-01,2023-04-16,2023-10-01 03:41:57,2023-10-01 13:48:38,"30",,"42412"
"898","847",0,,,,,0,2020-09-01,2022-09-07,2023-10-01 03:41:57,2023-10-01 03:41:57,"1",,"42412"
"899","848",0,,,,,1,2020-10-01,2022-05-23,2023-10-01 03:41:57,2023-10-01 15:31:32,"30",,"42412"
"900","849",0,,,,,0,2020-06-23,2022-02-08,2023-10-01 03:41:57,2023-11-01 11:14:08,"27",,"42412"
"901","850",0,,,,,1,2020-10-01,2022-05-25,2023-10-01 03:41:57,2023-11-01 11:16:40,"27",,"42412"
"904","853",0,,,,,0,2020-09-01,2022-08-23,2023-10-01 03:41:57,2023-10-01 03:41:57,"1",,"42412"
"905","854",0,,,,,1,2020-10-01,2022-07-25,2023-10-01 03:41:57,2023-10-01 13:32:53,"30",,"42412"
"906","855",0,,,,,0,2020-09-15,2023-04-06,2023-10-01 03:41:57,2023-10-01 03:41:57,"1",,"42412"
"907","856",0,,,,,1,2020-10-01,2023-04-20,2023-10-01 03:41:57,2023-10-01 12:02:57,"30",,"42412"
"908","857",0,,,,,0,2020-06-23,2022-11-03,2023-10-01 03:41:57,2023-10-01 03:41:57,"1",,"42412"
"909","858",0,,,,,0,2020-06-23,2023-07-28,2023-10-01 03:41:57,2023-10-01 03:41:57,"1",,"42412"
"911","860",0,,,,,0,2020-10-01,2023-09-18,2023-10-01 03:41:57,2023-10-01 03:41:57,"1",,"42412"
"912","861",0,,,,,1,2020-10-01,2022-09-02,2023-10-01 03:41:57,2023-10-01 11:50:32,"30",,"42412"
"913","862",0,,,,,0,2020-06-23,2022-06-14,2023-10-01 03:41:57,2023-10-01 03:41:57,"1",,"42412"
"914","863",0,,,,,1,2020-10-01,2022-03-15,2023-10-01 03:41:57,2023-10-01 13:39:31,"30",,"42412"
"915","864",0,,,,,0,2020-06-23,2022-10-03,2023-10-01 03:41:57,2023-10-01 03:41:57,"1",,"42412"
"916","865",0,,,,,1,2020-10-01,2022-04-04,2023-10-01 03:41:57,2023-10-01 12:11:39,"30",,"42412"
"919","868",0,,,,,1,2020-10-01,2022-06-30,2023-10-01 03:41:57,2023-10-01 12:00:56,"30",,"42412"
"920","869",0,,,,,0,2020-09-01,2022-06-30,2023-10-01 03:41:57,2023-10-01 03:41:57,"1",,"42412"
"921","870",0,,,,,1,2020-10-01,2023-09-30,2023-10-01 03:41:57,2023-10-01 15:16:59,"27",,"42412"
"922","871",0,,,,,0,2020-10-01,2023-08-31,2023-10-01 03:41:57,2023-10-01 03:41:57,"1",,"42412"
"923","872",0,,,,,1,2020-10-01,2022-09-30,2023-10-01 03:41:57,2023-10-01 12:12:18,"30",,"42412"
"924","873",0,,,,,1,2020-10-01,,2023-10-01 03:41:57,2023-10-01 12:12:40,"30",,"42412"
"925","874",0,,,,,0,2020-07-01,,2023-10-01 03:41:57,2023-10-01 03:41:57,"1",,"42412"
"384","875",0,,,,,1,2020-10-01,,2023-10-01 03:41:57,2023-10-01 16:28:09,"30",,"42412"
"926","876",0,,,,,0,2020-06-23,2023-06-27,2023-10-01 03:41:57,2023-10-01 03:41:57,"1",,"42412"
"927","877",0,,,,,1,2020-06-23,2023-06-27,2023-10-01 03:41:57,2023-10-01 15:02:40,"27",,"42412"
"928","878",0,,,,,0,2020-07-01,2022-03-31,2023-10-01 03:41:57,2023-10-01 03:41:57,"1",,"42412"
"929","879",0,,,,,1,2020-10-01,2023-04-26,2023-10-01 03:41:57,2023-10-01 12:04:50,"30",,"42412"
"931","881",0,,,,,1,2020-10-01,2022-07-11,2023-10-01 03:41:57,2023-10-01 11:50:57,"30",,"42412"
"934","884",0,,,,,0,2020-06-23,2022-11-01,2023-10-01 03:41:57,2023-10-01 03:41:57,"1",,"42412"
"935","885",0,,,,,1,2020-10-01,2022-07-19,2023-10-01 03:41:57,2023-10-01 13:08:01,"30",,"42412"
"937","887",0,,,,,1,2020-10-01,2022-07-29,2023-10-01 03:41:57,2023-10-01 15:24:13,"30",,"42412"
"938","888",0,,,,,0,2020-10-01,2022-01-31,2023-10-01 03:41:57,2023-10-01 03:41:57,"1",,"42412"
"939","889",0,,,,,0,2020-09-08,2022-06-30,2023-10-01 03:41:57,2023-10-01 03:41:57,"1",,"42412"
"940","890",0,,,,,1,2020-10-01,2022-06-30,2023-10-01 03:41:57,2023-10-01 12:14:19,"30",,"42412"
"385","891",0,,,,,1,2020-07-01,2023-04-05,2023-10-01 03:41:57,2023-11-08 10:55:45,"227",,"42412"
"1180","891",0,,,,,0,2023-04-06,,2023-11-08 10:56:10,2023-11-08 10:56:10,"227",,"42412"
"386","892",0,,,,,1,2020-07-01,2022-12-01,2023-10-01 03:41:57,2023-11-08 11:09:36,"227",,"42412"
"1181","892",0,,,,,0,2022-12-02,,2023-11-08 11:09:51,2023-11-08 11:09:51,"227",,"42412"
"941","894",0,,,,,0,2020-08-01,2023-09-19,2023-10-01 03:41:57,2023-10-01 03:41:57,"1",,"42412"
"942","895",0,,,,,1,2020-10-01,2023-09-18,2023-10-01 03:41:57,2023-10-01 13:22:20,"30",,"42412"
"388","896",0,,,,,1,2020-10-01,2023-09-30,2023-10-01 03:41:57,2023-10-01 15:48:56,"27",,"42412"
"947","901",0,,,,,0,2020-06-23,2022-11-30,2023-10-01 03:41:57,2023-10-01 03:41:57,"1",,"42412"
"948","902",0,,,,,1,2020-10-01,2022-12-29,2023-10-01 03:41:57,2023-10-01 15:17:54,"30",,"42412"
"949","903",0,,,,,1,2020-10-01,2022-07-31,2023-10-01 03:41:57,2023-10-01 13:52:21,"30",,"42412"
"950","904",0,,,,,0,2020-08-01,2023-09-20,2023-10-01 03:41:57,2023-10-01 03:41:57,"1",,"42412"
"951","905",0,,,,,1,2020-10-01,2023-09-27,2023-10-01 03:41:57,2023-10-01 13:26:36,"30",,"42412"
"952","906",0,,,,,1,2020-01-01,2023-12-31,2023-10-01 03:41:57,2023-10-01 15:03:13,"27",,"42412"
"953","907",0,,,,,1,2020-10-01,2022-06-30,2023-10-01 03:41:57,2023-10-01 13:56:03,"30",,"42412"
"954","908",0,,,,,1,2020-10-01,2022-06-30,2023-10-01 03:41:57,2023-10-01 13:56:27,"30",,"42412"
"955","909",0,,,,,1,2020-10-01,2022-06-30,2023-10-01 03:41:57,2023-10-01 13:56:51,"30",,"42412"
"956","910",0,,,,,0,2020-09-08,2022-06-30,2023-10-01 03:41:57,2023-10-01 03:41:57,"1",,"42412"
"957","911",0,,,,,0,2020-09-08,2022-06-30,2023-10-01 03:41:57,2023-10-01 03:41:57,"1",,"42412"
"958","912",0,,,,,0,2020-09-08,2022-06-30,2023-10-01 03:41:57,2023-10-01 03:41:57,"1",,"42412"
"959","913",0,,,,,1,2020-10-01,2023-02-01,2023-10-01 03:41:57,2023-10-01 13:58:32,"30",,"42412"
"960","914",0,,,,,1,2020-10-01,2023-03-01,2023-10-01 03:41:57,2023-10-01 13:59:01,"30",,"42412"
"961","915",0,,,,,1,2020-10-01,2023-02-01,2023-10-01 03:41:57,2023-10-01 13:59:24,"30",,"42412"
"962","916",0,,,,,0,2020-06-23,2022-10-05,2023-10-01 03:41:57,2023-10-01 03:41:57,"1",,"42412"
"963","917",0,,,,,0,2020-06-23,2022-10-05,2023-10-01 03:41:57,2023-11-16 10:06:03,"27",,"42412"
"964","918",0,,,,,0,2020-06-23,2022-09-08,2023-10-01 03:41:57,2023-10-01 03:41:57,"1",,"42412"
"965","919",0,,,,,0,2020-10-01,2022-06-30,2023-10-01 03:41:57,2023-10-01 03:41:57,"1",,"42412"
"966","920",0,,,,,1,2020-10-01,2022-06-30,2023-10-01 03:41:57,2023-10-01 15:38:19,"30",,"42412"
"1155","921",1,1,1,1,1,0,2020-10-28,,2023-10-01 13:50:58,2023-10-01 13:50:58,"27",,"42412"
"1156","922",1,1,1,1,1,0,2020-10-28,,2023-10-01 13:52:25,2023-10-01 13:52:25,"27",,"42412"
"967","923",0,,,,,0,2020-09-08,2022-06-30,2023-10-01 03:41:57,2023-10-01 03:41:57,"1",,"42412"
"968","924",0,,,,,0,2020-11-01,2022-06-30,2023-10-01 03:41:57,2023-10-01 03:41:57,"1",,"42412"
"969","925",0,,,,,1,2020-11-01,2022-06-30,2023-10-01 03:41:57,2023-10-01 11:58:37,"30",,"42412"
"970","926",0,,,,,1,2020-10-01,2022-09-30,2023-10-01 03:41:57,2023-10-01 12:05:15,"30",,"42412"
"392","930",0,,,,,1,2014-10-02,2022-03-31,2023-10-01 03:41:57,2024-04-15 11:11:30,"27",,"42412"
"540","931",0,,,,,0,2008-10-10,2022-06-15,2023-10-01 03:41:57,2023-10-01 03:41:57,"1",,"42412"
"394","933",0,,,,,1,2005-07-01,,2023-10-01 03:41:57,2023-12-17 22:52:23,"27",,"42412"
"395","934",0,,,,,1,2004-11-29,,2023-10-01 03:41:57,2023-10-01 14:31:10,"605",,"42412"
"971","936",0,,,,,0,2012-12-14,,2023-10-01 03:41:57,2023-10-01 03:41:57,"1",,"42412"
"397","937",0,,,,,0,2009-01-29,,2023-10-01 03:41:57,2023-10-01 03:41:57,"1",,"42412"
"531","938",0,,,,,0,2005-07-20,,2023-10-01 03:41:57,2023-10-01 03:41:57,"1",,"42412"
"398","939",0,,,,,0,2008-05-01,2022-02-28,2023-10-01 03:41:57,2023-10-01 03:41:57,"1",,"42412"
"400","941",0,,,,,1,2016-07-27,,2023-10-01 03:41:57,2023-10-01 15:43:53,"27",,"42412"
"532","942",1,1,1,1,1,0,2005-07-20,,2023-10-01 03:41:57,2023-10-01 11:19:21,"27",,"42412"
"972","944",0,,,,,1,2013-01-01,,2023-10-01 03:41:57,2023-10-01 15:18:43,"27",,"42412"
"407","951",0,,,,,1,2015-11-12,,2023-10-01 03:41:57,2023-10-01 15:34:44,"605",,"42412"
"973","954",0,,,,,0,2013-10-16,,2023-10-01 03:41:57,2023-10-01 03:41:57,"1",,"42412"
"974","955",0,,,,,1,2013-10-16,,2023-10-01 03:41:57,2023-10-01 15:19:44,"27",,"42412"
"410","956",0,,,,,1,2005-07-09,,2023-10-01 03:41:57,2023-10-01 15:33:39,"605",,"42412"
"411","958",0,,,,,1,2017-08-09,,2023-10-01 03:41:57,2023-10-01 15:34:06,"605",,"42412"
"624","961",0,,,,,1,2019-10-01,,2023-10-01 03:41:57,2023-10-01 15:50:11,"605",,"42412"
"413","963",0,,,,,0,2020-06-10,2021-12-31,2023-10-01 03:41:57,2023-10-01 03:41:57,"1",,"42412"
"414","964",0,,,,,1,2020-04-01,,2023-10-01 03:41:57,2023-10-01 16:08:46,"27",,"42412"
"978","965",0,,,,,0,2020-06-23,2023-03-24,2023-10-01 03:41:57,2023-10-01 03:41:57,"1",,"42412"
"979","966",0,,,,,0,2020-12-01,2022-06-30,2023-10-01 03:41:57,2023-11-30 09:23:15,"424",,"42412"
"980","967",0,,,,,0,2020-11-19,2023-06-30,2023-10-01 03:41:57,2023-10-01 03:41:57,"1",,"42412"
"981","968",0,,,,,1,2020-11-19,2022-06-30,2023-10-01 03:41:57,2023-10-01 14:56:22,"27",,"42412"
"982","969",0,,,,,0,2020-09-08,2022-06-30,2023-10-01 03:41:57,2023-10-01 03:41:57,"1",,"42412"
"415","970",0,,,,,1,2020-10-01,,2023-10-01 03:41:57,2023-10-01 14:57:04,"605",,"42412"
"983","971",0,,,,,0,2020-09-08,2022-06-30,2023-10-01 03:41:57,2023-10-01 03:41:57,"1",,"42412"
"984","972",0,,,,,1,2020-09-08,2022-09-30,2023-10-01 03:41:57,2023-10-01 15:10:30,"30",,"42412"
"416","973",0,,,,,1,2021-01-01,,2023-10-01 03:41:57,2023-10-01 12:38:47,"605",,"42412"
"417","974",0,,,,,1,2021-01-01,,2023-10-01 03:41:57,2023-10-01 16:22:20,"30",,"42412"
"418","975",0,,,,,1,2020-08-08,2024-01-22,2023-10-01 03:41:57,2023-10-01 16:26:57,"30",,"42412"
"1157","976",1,1,1,1,1,0,2021-01-01,,2023-10-01 13:53:24,2023-10-01 13:53:24,"27",,"42412"
"634","977",0,,,,,0,2021-01-01,,2023-10-01 03:41:57,2023-10-01 03:41:57,"1",,"42412"
"635","978",0,,,,,1,2021-01-01,,2023-10-01 03:41:57,2023-10-01 11:22:33,"30",,"42412"
"636","979",0,,,,,1,2021-01-01,,2023-10-01 03:41:57,2023-10-01 13:03:25,"30",,"42412"
"985","980",0,,,,,1,2020-10-01,2022-12-13,2023-10-01 03:41:57,2023-10-01 13:52:45,"30",,"42412"
"986","981",0,,,,,0,2020-10-01,2022-12-30,2023-10-01 03:41:57,2023-10-31 12:01:30,"27",,"42412"
"987","982",0,,,,,1,2020-10-01,2022-12-01,2023-10-01 03:41:57,2023-11-30 08:50:08,"424",,"42412"
"988","983",0,,,,,1,2020-10-01,2022-03-25,2023-10-01 03:41:57,2023-10-01 15:14:13,"30",,"42412"
"989","984",0,,,,,0,2020-10-01,2022-03-25,2023-10-01 03:41:57,2023-10-01 03:41:57,"1",,"42412"
"1045","985",0,,,,,1,2021-01-01,,2023-10-01 03:41:57,2023-10-01 13:03:52,"30",,"42412"
"990","986",0,,,,,0,2020-10-01,2022-01-31,2023-10-01 03:41:57,2023-10-01 03:41:57,"1",,"42412"
"1046","988",0,,,,,0,2021-01-01,,2023-10-01 03:41:57,2023-10-01 03:41:57,"1",,"42412"
"992","989",0,,,,,1,2021-01-01,,2023-10-01 03:41:57,2023-10-01 15:14:43,"30",,"42412"
"419","990",0,,,,,1,2021-02-05,2022-04-15,2023-10-01 03:41:57,2023-10-01 16:18:15,"30",,"42412"
"993","991",0,,,,,0,2020-10-01,2022-06-30,2023-10-01 03:41:57,2023-11-30 09:31:24,"424",,"42412"
"994","992",0,,,,,1,2020-10-01,2022-06-30,2023-10-01 03:41:57,2023-10-01 15:04:03,"27",,"42412"
"420","993",0,,,,,0,2020-07-01,,2023-10-01 03:41:57,2023-10-01 03:41:57,"1",,"42412"
"421","994",0,,,,,1,2021-01-26,,2023-10-01 03:41:57,2023-10-01 16:08:08,"27",,"42412"
"422","995",0,,,,,0,2021-01-01,,2023-10-01 03:41:57,2023-10-01 03:41:57,"1",,"42412"
"423","996",0,,,,,0,2021-02-08,2023-04-30,2023-10-01 03:41:57,2023-12-11 16:56:41,"227",,"42412"
"1191","996",0,,,,,1,2023-12-13,,2023-12-11 16:57:09,2023-12-11 16:57:09,"227",,"42412"
"1192","996",0,,,,,0,2023-05-01,2023-12-12,2023-12-11 17:01:00,2023-12-11 17:01:00,"227",,"42412"
"424","997",0,,,,,1,2021-02-05,2022-04-15,2023-10-01 03:41:57,2023-10-01 16:18:38,"30",,"42412"
"1047","998",0,,,,,1,2020-02-01,,2023-10-01 03:41:57,2023-10-01 11:51:26,"30",,"42412"
"995","999",0,,,,,1,2020-12-01,2022-06-30,2023-10-01 03:41:57,2023-11-30 09:27:43,"424",,"42412"
"625","1000",0,,,,,1,2021-02-01,,2023-10-01 03:41:57,2023-10-01 11:44:56,"30",,"42412"
"626","1001",0,,,,,0,2021-02-01,2022-12-31,2023-10-01 03:41:57,2023-10-01 03:41:57,"1",,"42412"
"1158","1002",1,1,1,1,1,0,2021-02-01,,2023-10-01 13:55:32,2023-10-01 13:55:32,"27",,"42412"
"997","1004",0,,,,,1,2021-03-01,2022-04-11,2023-10-01 03:41:57,2023-10-01 15:44:24,"30",,"42412"
"1048","1005",0,,,,,0,2021-04-01,,2023-10-01 03:41:57,2023-10-01 03:41:57,"1",,"42412"
"1049","1006",0,,,,,1,2020-11-01,2023-07-01,2023-10-01 03:41:57,2024-03-27 16:35:47,"227",,"42412"
"1233","1006",0,,,,,1,2024-03-21,,2024-03-27 16:36:00,2024-03-27 16:36:00,"227",,"42412"
"1234","1006",0,,,,,0,2023-07-02,2024-03-20,2024-03-27 16:36:25,2024-03-27 16:36:25,"227",,"42412"
"1050","1007",1,1,1,1,1,0,2020-11-01,,2023-10-01 03:41:57,2023-10-01 11:14:04,"27",,"42412"
"1051","1008",0,,,,,1,2020-11-01,2023-09-14,2023-10-01 03:41:57,2023-10-01 15:10:54,"30",,"42412"
"597","1009",0,,,,,1,2018-07-03,,2023-10-01 03:41:57,2023-12-17 22:46:36,"27",,"42412"
"598","1010",0,,,,,1,2019-04-23,,2023-10-01 03:41:57,2023-12-17 22:26:11,"27",,"42412"
"998","1011",0,,,,,0,2020-12-01,,2023-10-01 03:41:57,2023-10-01 03:41:57,"1",,"42412"
"1052","1012",0,,,,,0,2020-11-01,,2023-10-01 03:41:57,2023-10-01 03:41:57,"1",,"42412"
"599","1013",0,,,,,1,2020-02-01,,2023-10-01 03:41:57,2023-10-01 15:37:04,"605",,"42412"
"600","1014",0,,,,,1,2015-10-22,,2023-10-01 03:41:57,2023-12-14 10:39:28,"27",,"42412"
"601","1015",0,,,,,0,2014-01-01,,2023-10-01 03:41:57,2024-07-18 14:59:02,"27",,"42412"
"426","1017",0,,,,,0,2019-10-01,,2023-10-01 03:41:57,2023-10-01 03:41:57,"1",,"42412"
"428","1019",0,,,,,0,2017-11-01,,2023-10-01 03:41:57,2023-10-01 03:41:57,"1",,"42412"
"429","1020",0,,,,,0,2013-11-13,,2023-10-01 03:41:57,2023-10-01 03:41:57,"1",,"42412"
"602","1021",0,,,,,1,2018-06-11,,2023-10-01 03:41:57,2023-12-17 22:15:03,"27",,"42412"
"430","1022",0,,,,,0,2017-12-01,,2023-10-01 03:41:57,2023-10-01 03:41:57,"1",,"42412"
"431","1023",0,,,,,0,2019-09-01,2024-04-01,2023-10-01 03:41:57,2024-06-05 16:46:00,"227",,"42412"
"432","1024",0,,,,,0,2020-12-01,,2023-10-01 03:41:57,2023-10-01 03:41:57,"1",,"42412"
"1168","1026",1,1,1,1,1,0,2019-01-01,,2023-10-01 14:11:19,2023-10-01 14:11:19,"27",,"42412"
"603","1028",0,,,,,1,2015-08-10,,2023-10-01 03:41:57,2023-12-17 22:18:26,"27",,"42412"
"604","1029",0,,,,,1,2015-07-28,,2023-10-01 03:41:57,2023-12-17 22:55:05,"27",,"42412"
"605","1030",0,,,,,1,2018-11-15,,2023-10-01 03:41:57,2023-12-17 22:57:46,"27",,"42412"
"606","1032",0,,,,,1,2016-01-12,,2023-10-01 03:41:57,2023-12-17 22:28:14,"27",,"42412"
"435","1033",0,,,,,0,2010-01-01,,2023-10-01 03:41:57,2023-10-01 03:41:57,"1",,"42412"
"436","1035",0,,,,,0,2010-01-01,,2023-10-01 03:41:57,2023-10-01 03:41:57,"1",,"42412"
"607","1037",0,,,,,1,2016-04-15,,2023-10-01 03:41:57,2023-12-17 22:30:10,"27",,"42412"
"608","1038",0,,,,,1,2019-02-13,,2023-10-01 03:41:57,2023-12-17 22:31:14,"27",,"42412"
"437","1039",0,,,,,0,2004-10-04,,2023-10-01 03:41:57,2023-10-01 03:41:57,"1",,"42412"
"438","1040",0,,,,,0,2019-01-01,,2023-10-01 03:41:57,2023-10-01 03:41:57,"1",,"42412"
"609","1041",0,,,,,1,2018-08-01,,2023-10-01 03:41:57,2023-12-17 22:45:52,"27",,"42412"
"439","1043",0,,,,,0,2014-01-01,,2023-10-01 03:41:57,2023-10-01 03:41:57,"1",,"42412"
"610","1044",0,,,,,1,2020-02-01,,2023-10-01 03:41:57,2023-10-01 15:45:10,"605",,"42412"
"611","1045",0,,,,,1,2019-03-04,,2023-10-01 03:41:57,2023-12-17 23:04:15,"27",,"42412"
"440","1046",0,,,,,0,2018-10-01,,2023-10-01 03:41:57,2023-10-01 03:41:57,"1",,"42412"
"448","1063",0,,,,,0,2015-01-22,,2023-10-01 03:41:57,2023-10-01 03:41:57,"1",,"42412"
"1159","1064",1,1,1,1,1,0,2018-01-01,,2023-10-01 14:03:10,2023-10-01 14:03:10,"27",,"42412"
"1010","1065",0,,,,,1,2021-07-01,,2023-10-01 03:41:57,2023-10-01 15:34:15,"30",,"42412"
"1160","1066",1,1,1,1,1,0,2018-01-01,,2023-10-01 14:03:41,2023-10-01 14:03:41,"27",,"42412"
"449","1067",0,,,,,0,2016-10-01,,2023-10-01 03:41:57,2023-10-01 03:41:57,"1",,"42412"
"450","1068",0,,,,,0,2013-11-15,,2023-10-01 03:41:57,2023-10-01 03:41:57,"1",,"42412"
"451","1069",0,,,,,0,2018-01-01,,2023-10-01 03:41:57,2023-10-01 03:41:57,"1",,"42412"
"1161","1072",1,1,1,1,1,0,2018-01-01,,2023-10-01 14:04:19,2023-10-01 14:04:19,"27",,"42412"
"1011","1073",0,,,,,0,2020-06-23,2022-07-21,2023-10-01 03:41:57,2023-10-01 03:41:57,"1",,"42412"
"1012","1074",0,,,,,1,2020-10-01,2022-11-07,2023-10-01 03:41:57,2023-10-01 13:51:27,"30",,"42412"
"1162","1075",1,1,1,1,1,0,2018-01-01,,2023-10-01 14:05:03,2023-10-01 14:05:03,"27",,"42412"
"464","1086",0,,,,,0,2016-10-01,,2023-10-01 03:41:57,2023-10-01 03:41:57,"1",,"42412"
"465","1087",0,,,,,0,2013-11-15,,2023-10-01 03:41:57,2023-10-01 03:41:57,"1",,"42412"
"466","1088",0,,,,,0,2013-11-15,,2023-10-01 03:41:57,2023-10-01 03:41:57,"1",,"42412"
"469","1091",0,,,,,0,2013-11-19,,2023-10-01 03:41:57,2023-10-01 03:41:57,"1",,"42412"
"470","1092",0,,,,,0,2013-11-15,,2023-10-01 03:41:57,2023-10-01 03:41:57,"1",,"42412"
"471","1093",0,,,,,0,2016-01-01,,2023-10-01 03:41:57,2023-10-01 03:41:57,"1",,"42412"
"472","1094",0,,,,,0,2013-11-15,,2023-10-01 03:41:57,2023-10-01 03:41:57,"1",,"42412"
"473","1095",0,,,,,0,2020-01-01,,2023-10-01 03:41:57,2023-10-01 03:41:57,"1",,"42412"
"474","1096",0,,,,,0,2013-11-15,,2023-10-01 03:41:57,2023-10-01 03:41:57,"1",,"42412"
"1163","1104",1,1,1,1,1,0,2018-01-01,,2023-10-01 14:05:36,2023-10-01 14:05:36,"27",,"42412"
"483","1107",0,,,,,0,2019-02-15,,2023-10-01 03:41:57,2023-10-01 03:41:57,"1",,"42412"
"484","1109",0,,,,,1,2021-10-05,2023-11-30,2023-10-01 03:41:57,2023-10-01 16:30:44,"605",,"42412"
"1013","1110",0,,,,,0,2021-08-01,2022-06-30,2023-10-01 03:41:57,2023-10-01 03:41:57,"1",,"42412"
"1014","1111",0,,,,,1,2021-08-01,2022-06-30,2023-10-01 03:41:57,2023-10-01 15:45:05,"30",,"42412"
"1164","1112",1,1,1,1,1,0,2021-10-11,,2023-10-01 14:07:40,2023-10-01 14:07:40,"27",,"42412"
"1015","1113",0,,,,,0,2021-10-25,2023-12-31,2023-10-01 03:41:57,2023-10-01 03:41:57,"1",,"42412"
"1017","1115",0,,,,,0,2020-08-11,2022-09-23,2023-10-01 03:41:57,2023-10-01 03:41:57,"1",,"42412"
"1018","1116",0,,,,,1,2021-06-01,2022-09-07,2023-10-01 03:41:57,2023-10-01 15:19:51,"30",,"42412"
"485","1117",0,,,,,0,2021-04-01,2022-09-30,2023-10-01 03:41:57,2023-10-01 03:41:57,"1",,"42412"
"1020","1119",0,,,,,1,2021-11-01,2023-04-03,2023-10-01 03:41:57,2023-10-01 13:35:44,"30",,"42412"
"1021","1120",0,,,,,0,2021-11-01,2023-04-03,2023-10-01 03:41:57,2023-10-01 03:41:57,"1",,"42412"
"1022","1121",0,,,,,1,2021-11-01,2023-03-31,2023-10-01 03:41:57,2023-10-01 13:36:10,"30",,"42412"
"1023","1122",0,,,,,0,2021-11-01,2022-06-22,2023-10-01 03:41:57,2023-10-01 03:41:57,"1",,"42412"
"486","1123",0,,,,,0,2022-01-01,2023-11-30,2023-10-01 03:41:57,2023-10-01 03:41:57,"1",,"42412"
"488","1125",0,,,,,0,2021-01-01,,2023-10-01 03:41:57,2023-10-01 03:41:57,"1",,"42412"
"489","1126",0,,,,,0,2022-01-01,2023-11-30,2023-10-01 03:41:57,2023-10-01 03:41:57,"1",,"42412"
"490","1127",0,,,,,0,2014-10-15,,2023-10-01 03:41:57,2023-10-01 03:41:57,"1",,"42412"
"1165","1128",1,1,1,1,1,0,2022-01-02,,2023-10-01 14:08:27,2023-10-01 14:08:27,"27",,"42412"
"492","1130",0,,,,,0,2022-01-01,2023-11-30,2023-10-01 03:41:57,2023-10-01 03:41:57,"1",,"42412"
"493","1131",0,,,,,1,2022-02-10,,2023-10-01 03:41:57,2023-10-01 15:37:25,"27",,"42412"
"1024","1132",0,,,,,1,2022-01-01,,2023-10-01 03:41:57,2023-10-01 15:45:35,"30",,"42412"
"1025","1133",0,,,,,1,2022-01-01,2022-12-20,2023-10-01 03:41:57,2023-10-01 15:46:03,"30",,"42412"
"1166","1134",1,1,1,1,1,0,2022-01-01,,2023-10-01 14:09:04,2023-10-01 14:09:04,"27",,"42412"
"494","1135",0,,,,,1,2022-03-08,,2023-10-01 03:41:57,2023-10-01 16:21:28,"605",,"42412"
"534","1136",0,,,,,0,2021-11-01,,2023-10-01 03:41:57,2023-10-01 03:41:57,"1",,"42412"
"1053","1137",0,,,,,0,2022-02-08,,2023-10-01 03:41:57,2023-10-01 03:41:57,"1",,"42412"
"495","1138",0,,,,,0,2020-02-15,2023-11-01,2023-10-01 03:41:57,2024-03-14 10:07:46,"227",,"42412"
"496","1139",0,,,,,0,2022-02-22,2022-02-23,2023-10-01 03:41:57,2023-10-01 03:41:57,"1",,"42412"
"497","1140",0,,,,,0,2021-09-01,2022-09-01,2023-10-01 03:41:57,2023-10-01 03:41:57,"1",,"42412"
"498","1141",0,,,,,0,2022-01-01,2022-12-31,2023-10-01 03:41:57,2023-10-01 03:41:57,"1",,"42412"
"612","1143",0,,,,,1,2021-01-01,2023-09-30,2023-10-01 03:41:57,2023-10-01 15:46:56,"605",,"42412"
"499","1144",0,,,,,1,2016-12-01,2022-03-31,2023-10-01 03:41:57,2023-10-01 15:35:48,"605",,"42412"
"1026","1145",0,,,,,0,2019-12-01,2022-11-30,2023-10-01 03:41:57,2023-10-01 03:41:57,"1",,"42412"
"1167","1146",1,1,1,1,1,0,2022-02-10,,2023-10-01 14:09:52,2023-10-01 14:09:52,"27",,"42412"
"1027","1147",0,,,,,1,2022-07-01,,2023-10-01 03:41:57,2023-10-01 12:03:26,"30",,"42412"
"1028","1148",0,,,,,1,2022-12-01,,2023-10-01 03:41:57,2023-10-01 15:32:07,"30",,"42412"
"1055","1149",0,,,,,0,2022-06-01,,2023-10-01 03:41:57,2023-10-01 03:41:57,"1",,"42412"
"1060","1150",1,1,1,1,1,0,2022-07-01,,2023-10-01 03:41:57,2023-10-01 10:43:09,"27",,"42412"
"500","1151",0,,,,,1,2021-06-01,,2023-10-01 03:41:57,2023-10-01 13:35:28,"605",,"42412"
"1029","1152",0,,,,,0,2012-12-28,,2023-10-01 03:41:57,2023-10-01 03:41:57,"1",,"42412"
"1030","1153",0,,,,,1,2012-12-28,,2023-10-01 03:41:57,2023-10-01 13:09:15,"30",,"42412"
"1056","1155",0,,,,,0,2022-06-01,,2023-10-01 03:41:57,2023-10-01 03:41:57,"1",,"42412"
"1061","1156",1,1,1,1,1,0,2022-07-01,,2023-10-01 03:41:57,2023-10-01 11:18:34,"27",,"42412"
"501","1157",0,,,,,0,2011-10-01,,2023-10-01 03:41:57,2023-10-01 03:41:57,"1",,"42412"
"502","1158",0,,,,,1,2005-08-11,,2023-10-01 03:41:57,2023-10-01 11:45:24,"30",,"42412"
"503","1159",0,,,,,1,2005-08-11,,2023-10-01 03:41:57,2023-10-01 15:26:18,"605",,"42412"
"504","1160",0,,,,,1,2002-07-23,,2023-10-01 03:41:57,2023-12-17 23:05:14,"27",,"42412"
"1032","1161",0,,,,,0,2013-11-06,2024-09-30,2023-10-01 03:41:57,2023-10-01 03:41:57,"1",,"42412"
"505","1162",0,,,,,1,2022-04-28,,2023-10-01 03:41:57,2023-10-01 15:47:48,"605",,"42412"
"506","1163",0,,,,,1,2006-12-28,,2023-10-01 03:41:57,2023-10-01 14:13:33,"605",,"42412"
"1057","1164",0,,,,,0,2022-10-01,,2023-10-01 03:41:57,2023-10-01 03:41:57,"1",,"42412"
"1058","1165",0,,,,,0,2022-10-01,,2023-10-01 03:41:57,2023-10-01 03:41:57,"1",,"42412"
"1033","1166",0,,,,,1,2012-12-28,,2023-10-01 03:41:57,2023-10-01 11:51:44,"30",,"42412"
"1062","1167",1,1,1,1,1,0,2022-01-01,2022-12-27,2023-10-01 03:41:57,2023-10-01 11:09:48,"27",,"42412"
"1034","1169",0,,,,,0,2022-10-01,2023-09-30,2023-10-01 03:41:57,2023-10-18 16:46:56,"30",,"42412"
"508","1170",0,,,,,0,2020-02-20,,2023-10-01 03:41:57,2023-10-01 03:41:57,"1",,"42412"
"509","1173",0,,,,,0,2022-09-12,,2023-10-01 03:41:57,2023-10-01 03:41:57,"1",,"42412"
"510","1174",0,,,,,0,2020-08-01,,2023-10-01 03:41:57,2023-10-01 03:41:57,"1",,"42412"
"511","1176",0,,,,,0,2023-01-23,2023-11-14,2023-10-01 03:41:57,2023-10-01 03:41:57,"1",,"42412"
"1182","1176",0,,,,,1,2023-11-15,,2023-11-14 11:01:06,2023-11-14 11:01:06,"30",,"42412"
"512","1177",0,,,,,0,2023-01-01,2023-03-01,2023-10-01 03:41:57,2023-10-01 03:41:57,"1",,"42412"
"513","1178",0,,,,,0,2022-01-01,,2023-10-01 03:41:57,2023-10-01 03:41:57,"1",,"42412"
"514","1179",0,,,,,0,2022-04-12,,2023-10-01 03:41:57,2023-10-01 03:41:57,"1",,"42412"
"515","1180",0,,,,,0,2022-03-21,,2023-10-01 03:41:57,2023-10-01 03:41:57,"1",,"42412"
"1035","1181",0,,,,,1,2023-01-01,,2023-10-01 03:41:57,2023-10-01 13:06:14,"30",,"42412"
"1036","1182",0,,,,,0,2023-01-01,,2023-10-01 03:41:57,2023-10-01 03:41:57,"1",,"42412"
"1037","1183",0,,,,,1,2023-01-01,2023-01-01,2023-10-01 03:41:57,2023-10-01 13:06:34,"30",,"42412"
"516","1184",0,,,,,1,2023-02-01,,2023-10-01 03:41:57,2023-10-01 16:19:03,"30",,"42412"
"517","1185",0,,,,,1,2023-02-16,2024-02-29,2023-10-01 03:41:57,2023-10-01 16:07:28,"27",,"42412"
"1038","1186",0,,,,,0,2023-01-01,,2023-10-01 03:41:57,2023-10-01 03:41:57,"1",,"42412"
"1059","1187",0,,,,,0,2023-06-01,,2023-10-01 03:41:57,2023-10-01 03:41:57,"1",,"42412"
"518","1188",0,,,,,1,2023-06-15,2024-08-06,2023-10-01 03:41:57,2023-10-01 15:36:44,"27",,"42412"
"1039","1189",0,,,,,0,2023-05-01,,2023-10-01 03:41:57,2023-10-01 03:41:57,"1",,"42412"
"1054","1191",0,,,,,0,2023-06-01,,2023-10-01 03:41:57,2023-10-01 03:41:57,"1",,"42412"
"535","1192",1,1,1,1,1,0,2023-06-19,,2023-10-01 03:41:57,2023-10-01 11:17:58,"27",,"42412"
"1040","1193",0,,,,,1,2020-01-01,,2023-10-01 03:41:57,2023-10-01 12:01:29,"30",,"42412"
"1177","1194",0,,,,,1,2023-10-01,,2023-10-24 11:09:09,2023-10-24 15:47:51,"227",,"42412"
"1178","1195",0,,,,,1,2023-09-01,,2023-10-26 15:55:17,2023-10-26 15:55:17,"227",,"42412"
"1179","1196",1,1,1,1,1,0,2023-10-01,,2023-11-06 16:57:35,2023-11-06 16:57:35,"227",,"42412"
"1183","1197",0,,,,,0,2023-09-21,,2023-11-14 11:25:08,2023-11-14 11:25:08,"27",,"42412"
"1184","1198",1,1,1,1,1,0,2023-12-01,,2023-11-14 12:16:21,2023-11-14 12:16:21,"27",,"42412"
"1185","1199",0,,,,,1,2023-07-01,,2023-11-14 13:31:41,2023-11-14 13:31:41,"28",,"42412"
"1186","1200",0,,,,,1,2023-10-01,,2023-11-16 15:51:54,2023-11-16 15:51:54,"227",,"42412"
"1187","1201",0,,,,,1,2024-01-01,,2023-11-16 16:38:03,2023-11-16 16:38:03,"227",,"42412"
"1188","1202",1,1,1,1,1,0,2023-11-07,,2023-11-29 15:06:16,2023-11-29 15:06:16,"227",,"42412"
"1189","1203",0,,,,,0,2023-01-01,,2023-11-30 12:24:06,2024-05-01 17:09:19,"227",,"42412"
"1193","1204",1,1,1,1,1,0,2023-10-01,,2023-12-14 09:33:08,2023-12-14 09:33:08,"227",,"42412"
"1194","1205",0,,,,,1,2023-11-27,,2023-12-15 09:52:58,2023-12-15 09:52:58,"227",,"42412"
"1195","1206",1,1,1,1,1,0,2024-01-02,,2023-12-15 11:15:45,2023-12-15 11:15:45,"227",,"42412"
"1196","1207",0,,,,,1,2024-01-01,,2023-12-18 12:53:28,2024-01-03 14:19:34,"27",,"42412"
"1197","1208",0,,,,,0,2022-09-01,,2024-01-02 14:04:35,2024-01-02 14:04:35,"227",,"42412"
"1198","1209",0,,,,,0,2021-07-28,,2024-01-02 14:42:22,2024-01-02 14:42:22,"227",,"42412"
"1199","1210",0,,,,,1,2006-04-03,,2024-01-18 14:13:09,2024-01-18 14:13:09,"227",,"42412"
"1200","1211",0,,,,,1,2005-09-25,,2024-01-18 14:29:15,2024-01-18 14:29:15,"227",,"42412"
"1201","1212",0,,,,,1,2023-12-01,,2024-01-18 16:49:18,2024-01-18 16:49:18,"28",,"42412"
"1202","1213",0,,,,,1,2024-01-16,2024-02-13,2024-01-22 10:36:03,2024-01-22 10:36:03,"27",,"42412"
"1203","1214",0,,,,,0,2022-12-01,,2024-01-31 10:24:00,2024-01-31 10:24:00,"227",,"42412"
"1204","1215",0,,,,,0,2023-10-01,,2024-01-31 10:46:31,2024-01-31 10:46:31,"227",,"42412"
"1205","1216",0,,,,,1,2024-01-15,2024-01-22,2024-01-31 16:23:08,2024-01-31 16:23:08,"227",,"42412"
"1206","1217",0,,,,,1,2024-01-01,,2024-02-06 12:01:25,2024-02-06 12:01:25,"28",,"42412"
"1207","1218",0,,,,,0,2023-07-01,,2024-02-07 09:56:36,2024-02-07 09:56:36,"227",,"42412"
"1208","1219",1,1,1,1,1,0,2024-01-01,,2024-02-13 17:06:58,2024-02-13 17:06:58,"227",,"42412"
"1209","1220",1,1,1,1,1,0,2024-01-01,,2024-02-13 17:24:55,2024-02-13 17:24:55,"227",,"42412"
"1210","1221",0,,,,,1,2024-01-01,,2024-02-14 13:35:52,2024-02-14 13:35:52,"28",,"42412"
"1211","1222",0,,,,,1,2023-11-01,,2024-02-15 14:06:08,2024-02-15 14:06:08,"28",,"42412"
"1212","1223",0,,,,,0,2023-06-19,,2024-02-27 09:25:26,2024-02-27 09:25:26,"227",,"42412"
"1213","1224",0,,,,,0,2023-10-01,,2024-02-27 09:49:17,2024-02-27 09:49:17,"227",,"42412"
"1214","1225",0,,,,,0,2023-09-01,,2024-02-27 10:11:36,2024-05-01 17:07:34,"227",,"42412"
"1215","1226",0,,,,,0,2023-10-01,,2024-02-27 10:53:26,2024-02-27 10:53:26,"227",,"42412"
"1216","1227",0,,,,,0,2024-01-02,,2024-02-27 15:04:08,2024-02-27 15:04:08,"227",,"42412"
"1217","1228",1,1,1,1,1,0,2024-01-01,,2024-02-29 14:35:32,2024-02-29 14:35:32,"227",,"42412"
"1218","1229",0,,,,,0,2024-01-01,,2024-02-29 15:17:39,2024-02-29 15:17:39,"227",,"42412"
"1219","1230",1,1,1,1,1,0,2024-01-01,,2024-02-29 16:49:14,2024-02-29 16:49:14,"227",,"42412"
"1220","1231",0,,,,,0,2024-01-01,,2024-02-29 16:59:15,2024-02-29 16:59:15,"227",,"42412"
"1221","1232",1,1,1,1,1,0,2024-01-01,,2024-02-29 17:18:17,2024-02-29 17:18:17,"227",,"42412"
"1222","1233",0,,,,,0,2024-01-01,,2024-02-29 17:33:50,2024-02-29 17:33:50,"227",,"42412"
"1223","1234",1,1,1,1,1,0,2024-01-01,,2024-03-04 13:55:06,2024-03-04 13:55:06,"227",,"42412"
"1224","1235",0,,,,,0,2024-01-01,,2024-03-04 14:09:11,2024-03-04 14:09:11,"227",,"42412"
"1225","1236",1,1,1,1,1,0,2023-09-30,,2024-03-04 16:42:45,2024-03-04 16:50:00,"227",,"42412"
"1226","1237",0,,,,,0,2023-09-30,,2024-03-04 16:59:10,2024-03-04 16:59:10,"227",,"42412"
"1227","1238",1,1,1,1,1,0,2023-10-01,,2024-03-04 17:27:31,2024-03-04 17:27:31,"227",,"42412"
"1228","1239",0,,,,,0,2023-10-01,,2024-03-04 17:38:51,2024-03-04 17:38:51,"227",,"42412"
"1229","1240",0,,,,,0,2024-02-15,,2024-03-13 13:42:44,2024-03-13 13:42:44,"227",,"42412"
"1230","1241",0,,,,,0,2024-01-01,,2024-03-14 10:54:33,2024-03-14 10:54:33,"227",,"42412"
"1231","1242",0,,,,,0,2023-05-01,,2024-03-14 12:19:34,2024-03-14 12:19:34,"227",,"42412"
"1235","1243",0,,,,,1,2024-03-01,,2024-04-11 15:26:10,2024-04-11 15:26:10,"227",,"42412"
"1236","1244",0,,,,,0,2024-01-16,,2024-04-18 17:27:00,2024-04-18 17:27:00,"227",,"42412"
"1237","1245",1,1,1,1,1,0,2023-12-18,,2024-04-18 17:51:05,2024-04-18 17:51:05,"227",,"42412"
"1238","1246",0,,,,,0,2023-12-18,,2024-04-18 18:05:00,2024-04-18 18:05:00,"227",,"42412"
"1240","1247",0,,,,,1,2024-01-23,,2024-06-10 12:39:17,2024-06-10 12:39:17,"27",,"42412"
"1241","1248",0,,,,,1,2003-11-01,,2024-06-26 10:24:50,2024-06-26 10:24:50,"27",,"42412"
"1242","1249",0,,,,,1,2024-07-01,,2024-06-27 16:35:33,2024-06-27 16:35:33,"227",,"42412"
"1243","1250",0,,,,,0,2024-07-01,,2024-06-27 16:51:09,2024-06-27 16:51:09,"227",,"42412"
"1245","1251",0,,,,,1,2024-08-01,,2024-08-14 15:20:33,2024-08-14 15:20:33,"227",,"42412"
"1246","1252",0,,,,,0,2024-01-01,,2024-08-15 17:00:20,2024-08-15 17:00:20,"227",,"42412"
"1247","1253",0,,,,,0,2024-01-01,,2024-08-15 17:15:20,2024-08-15 17:15:20,"227",,"42412"
"1248","1254",0,,,,,1,2024-01-01,,2024-08-29 15:02:35,2024-08-29 15:02:35,"227",,"42412"
"1249","1255",0,,,,,1,2024-10-01,,2024-10-17 15:26:38,2024-10-17 15:26:38,"227",,"42412"
"1250","1256",0,,,,,1,2024-10-01,,2024-10-17 16:08:21,2024-10-17 16:08:21,"227",,"42412"
"1251","1257",0,,,,,0,2024-10-01,,2024-10-17 16:20:26,2024-10-17 16:20:26,"227",,"42412"
"1252","1258",0,,,,,0,2024-10-01,,2024-10-17 16:54:44,2024-10-17 16:54:44,"227",,"42412"
"1253","1259",0,,,,,1,2024-09-01,,2024-11-05 15:58:21,2024-11-05 15:58:21,"227",,"42412"
