HMISParticipationID,ProjectID,HMISParticipationType,HMISParticipationStatusStartDate,HMISParticipationStatusEndDate,DateCreated,DateUpdated,UserID,DateDeleted,ExportID
"2","2",1,2003-11-20,,2023-09-30 23:23:54,2023-09-30 23:23:54,"1",,"42412"
"3","3",1,2004-01-29,,2023-09-30 23:23:54,2023-09-30 23:23:54,"1",,"42412"
"4","4",1,2004-01-29,,2023-09-30 23:23:54,2023-09-30 23:23:54,"1",,"42412"
"6","6",1,2004-01-30,,2023-09-30 23:23:54,2023-09-30 23:23:54,"1",,"42412"
"7","7",1,2004-01-30,,2023-09-30 23:23:54,2023-09-30 23:23:54,"1",,"42412"
"8","8",2,2004-02-23,,2023-09-30 23:23:54,2023-09-30 23:23:54,"1",,"42412"
"9","9",1,2001-10-01,,2023-09-30 23:23:54,2023-12-13 12:44:52,"27",,"42412"
"10","10",1,2002-11-01,,2023-09-30 23:23:54,2023-12-17 22:24:01,"27",,"42412"
"12","12",1,2004-06-21,,2023-09-30 23:23:54,2023-09-30 23:23:54,"1",,"42412"
"13","13",1,2004-09-09,2022-06-30,2023-09-30 23:23:54,2023-09-30 23:23:54,"1",,"42412"
"15","15",1,2004-09-21,,2023-09-30 23:23:54,2023-09-30 23:23:54,"1",,"42412"
"16","16",1,2004-09-22,,2023-09-30 23:23:54,2023-09-30 23:23:54,"1",,"42412"
"17","17",2,2004-09-22,,2023-09-30 23:23:54,2023-09-30 23:23:54,"1",,"42412"
"20","20",1,2004-09-29,,2023-09-30 23:23:54,2023-09-30 23:23:54,"1",,"42412"
"21","21",1,2004-10-08,2022-09-30,2023-09-30 23:23:54,2023-09-30 23:23:54,"1",,"42412"
"23","23",1,1997-01-01,,2023-09-30 23:23:54,2023-12-17 22:41:32,"27",,"42412"
"26","26",1,2004-06-01,,2023-09-30 23:23:54,2023-09-30 23:23:54,"1",,"42412"
"27","27",1,2004-11-08,,2023-09-30 23:23:54,2023-09-30 23:23:54,"1",,"42412"
"28","28",1,2004-11-08,,2023-09-30 23:23:54,2023-09-30 23:23:54,"1",,"42412"
"29","29",1,2004-10-15,,2023-09-30 23:23:54,2023-09-30 23:23:54,"1",,"42412"
"30","30",1,2004-11-08,,2023-09-30 23:23:54,2023-09-30 23:23:54,"1",,"42412"
"32","32",1,2004-11-22,,2023-09-30 23:23:54,2023-09-30 23:23:54,"1",,"42412"
"33","33",1,2004-11-24,,2023-09-30 23:23:54,2023-09-30 23:23:54,"1",,"42412"
"34","34",2,2004-12-09,,2023-09-30 23:23:54,2023-09-30 23:23:54,"1",,"42412"
"35","35",1,2004-12-09,,2023-09-30 23:23:54,2023-09-30 23:23:54,"1",,"42412"
"36","36",1,2004-12-16,,2023-09-30 23:23:54,2023-09-30 23:23:54,"1",,"42412"
"38","38",1,2004-12-16,,2023-09-30 23:23:54,2023-09-30 23:23:54,"1",,"42412"
"39","39",1,2004-12-30,,2023-09-30 23:23:54,2023-09-30 23:23:54,"1",,"42412"
"40","40",1,2001-04-06,,2023-09-30 23:23:54,2023-12-17 22:47:59,"27",,"42412"
"41","41",1,2005-01-20,,2023-09-30 23:23:54,2023-09-30 23:23:54,"1",,"42412"
"42","42",1,2003-11-01,2022-06-01,2023-09-30 23:23:54,2023-12-17 22:15:51,"27",,"42412"
"44","44",1,2005-02-10,,2023-09-30 23:23:54,2023-09-30 23:23:54,"1",,"42412"
"46","46",1,2005-02-23,,2023-09-30 23:23:54,2023-09-30 23:23:54,"1",,"42412"
"47","47",1,2005-09-25,2023-12-31,2023-09-30 23:23:54,2023-09-30 23:23:54,"1",,"42412"
"48","48",1,2005-03-04,,2023-09-30 23:23:54,2023-09-30 23:23:54,"1",,"42412"
"49","49",1,2005-03-04,,2023-09-30 23:23:54,2023-09-30 23:23:54,"1",,"42412"
"50","50",1,2005-03-23,,2023-09-30 23:23:54,2023-09-30 23:23:54,"1",,"42412"
"51","51",1,2005-04-13,,2023-09-30 23:23:54,2023-09-30 23:23:54,"1",,"42412"
"52","52",1,2005-02-01,,2023-09-30 23:23:54,2023-12-14 10:40:43,"27",,"42412"
"53","53",1,2014-01-01,2022-09-30,2023-09-30 23:23:54,2023-09-30 23:23:54,"1",,"42412"
"54","54",1,2005-04-29,,2023-09-30 23:23:54,2023-09-30 23:23:54,"1",,"42412"
"55","55",1,2005-04-29,,2023-09-30 23:23:54,2023-09-30 23:23:54,"1",,"42412"
"56","56",1,2005-05-02,,2023-09-30 23:23:54,2023-09-30 23:23:54,"1",,"42412"
"57","57",1,2005-05-03,,2023-09-30 23:23:54,2023-09-30 23:23:54,"1",,"42412"
"58","58",1,2005-05-03,,2023-09-30 23:23:54,2023-09-30 23:23:54,"1",,"42412"
"59","59",1,2005-05-05,,2023-09-30 23:23:54,2023-09-30 23:23:54,"1",,"42412"
"60","60",1,2005-05-05,,2023-09-30 23:23:54,2023-09-30 23:23:54,"1",,"42412"
"64","64",1,2005-05-09,,2023-09-30 23:23:54,2023-09-30 23:23:54,"1",,"42412"
"65","65",1,2005-05-09,,2023-09-30 23:23:54,2023-09-30 23:23:54,"1",,"42412"
"66","66",2,2005-05-11,,2023-09-30 23:23:54,2023-09-30 23:23:54,"1",,"42412"
"67","67",1,2005-05-16,,2023-09-30 23:23:54,2023-09-30 23:23:54,"1",,"42412"
"68","68",1,2005-05-24,,2023-09-30 23:23:54,2023-09-30 23:23:54,"1",,"42412"
"69","69",1,2005-05-24,,2023-09-30 23:23:54,2023-09-30 23:23:54,"1",,"42412"
"70","70",1,2005-05-27,,2023-09-30 23:23:54,2023-09-30 23:23:54,"1",,"42412"
"71","71",1,2005-05-31,,2023-09-30 23:23:54,2023-09-30 23:23:54,"1",,"42412"
"72","72",1,2005-06-06,,2023-09-30 23:23:54,2023-09-30 23:23:54,"1",,"42412"
"73","73",1,2005-06-07,,2023-09-30 23:23:54,2023-09-30 23:23:54,"1",,"42412"
"74","74",0,2005-06-07,,2023-09-30 23:23:54,2023-09-30 23:23:54,"1",,"42412"
"75","75",1,2005-06-13,,2023-09-30 23:23:54,2023-09-30 23:23:54,"1",,"42412"
"76","76",1,2005-06-13,,2023-09-30 23:23:54,2023-09-30 23:23:54,"1",,"42412"
"77","77",1,2005-06-21,,2023-09-30 23:23:54,2023-09-30 23:23:54,"1",,"42412"
"78","78",1,2005-06-29,,2023-09-30 23:23:54,2023-09-30 23:23:54,"1",,"42412"
"79","79",1,2005-06-30,,2023-09-30 23:23:54,2023-09-30 23:23:54,"1",,"42412"
"80","80",1,2005-07-21,,2023-09-30 23:23:54,2023-09-30 23:23:54,"1",,"42412"
"81","81",1,2005-08-11,,2023-09-30 23:23:54,2023-09-30 23:23:54,"1",,"42412"
"82","82",1,2005-08-16,,2023-09-30 23:23:54,2023-09-30 23:23:54,"1",,"42412"
"83","83",1,2005-08-18,,2023-09-30 23:23:54,2023-09-30 23:23:54,"1",,"42412"
"84","84",1,2005-09-26,,2023-09-30 23:23:54,2023-09-30 23:23:54,"1",,"42412"
"85","85",1,2005-11-02,,2023-09-30 23:23:54,2023-09-30 23:23:54,"1",,"42412"
"86","86",1,2005-11-10,2022-07-27,2023-09-30 23:23:54,2023-09-30 23:23:54,"1",,"42412"
"89","89",1,2006-01-13,,2023-09-30 23:23:54,2023-09-30 23:23:54,"1",,"42412"
"90","90",1,2006-04-20,,2023-09-30 23:23:54,2023-09-30 23:23:54,"1",,"42412"
"91","91",1,2006-05-17,,2023-09-30 23:23:54,2023-09-30 23:23:54,"1",,"42412"
"92","92",1,2006-08-11,,2023-09-30 23:23:54,2023-09-30 23:23:54,"1",,"42412"
"95","95",1,2006-04-03,2023-12-31,2023-09-30 23:23:54,2023-12-14 12:56:11,"27",,"42412"
"96","96",1,2007-03-14,,2023-09-30 23:23:54,2023-09-30 23:23:54,"1",,"42412"
"98","98",1,2007-03-28,,2023-09-30 23:23:54,2023-09-30 23:23:54,"1",,"42412"
"99","99",1,2007-04-20,,2023-09-30 23:23:54,2023-09-30 23:23:54,"1",,"42412"
"100","100",1,2007-06-04,,2023-09-30 23:23:54,2023-09-30 23:23:54,"1",,"42412"
"101","101",2,2007-06-13,2023-05-01,2023-09-30 23:23:54,2024-03-14 12:28:14,"227",,"42412"
"102","102",1,2007-07-06,,2023-09-30 23:23:54,2023-09-30 23:23:54,"1",,"42412"
"103","103",1,2007-07-26,,2023-09-30 23:23:54,2023-09-30 23:23:54,"1",,"42412"
"104","104",1,2007-09-04,2023-12-31,2023-09-30 23:23:54,2023-09-30 23:23:54,"1",,"42412"
"105","105",1,2007-12-18,,2023-09-30 23:23:54,2023-09-30 23:23:54,"1",,"42412"
"106","106",1,2003-03-04,,2023-09-30 23:23:54,2023-12-17 22:42:16,"27",,"42412"
"107","107",1,2008-05-02,,2023-09-30 23:23:54,2023-09-30 23:23:54,"1",,"42412"
"108","108",1,2008-01-14,,2023-09-30 23:23:54,2023-09-30 23:23:54,"1",,"42412"
"109","109",1,2008-05-20,,2023-09-30 23:23:54,2023-09-30 23:23:54,"1",,"42412"
"111","111",1,2008-10-20,,2023-09-30 23:23:54,2023-09-30 23:23:54,"1",,"42412"
"115","115",0,2009-02-06,2024-03-17,2023-09-30 23:23:54,2024-03-19 10:07:47,"227",,"42412"
"2103","115",1,2024-03-18,,2024-03-19 10:08:43,2024-03-19 10:08:43,"227",,"42412"
"116","116",1,2006-10-01,,2023-09-30 23:23:54,2023-12-17 22:50:30,"27",,"42412"
"117","117",1,2009-02-26,,2023-09-30 23:23:54,2023-09-30 23:23:54,"1",,"42412"
"119","119",1,2005-01-05,,2023-09-30 23:23:54,2023-12-17 23:00:07,"27",,"42412"
"120","120",1,2009-05-13,2023-06-28,2023-09-30 23:23:54,2023-09-30 23:23:54,"1",,"42412"
"123","123",1,2009-07-06,,2023-09-30 23:23:54,2023-09-30 23:23:54,"1",,"42412"
"124","124",1,2009-07-07,,2023-09-30 23:23:54,2023-09-30 23:23:54,"1",,"42412"
"127","127",1,2009-09-10,2024-07-16,2023-09-30 23:23:54,2024-07-17 13:46:30,"227",,"42412"
"2116","127",0,2024-07-17,,2024-07-17 14:09:35,2024-07-17 14:09:35,"227",,"42412"
"129","129",1,2009-10-30,,2023-09-30 23:23:54,2023-09-30 23:23:54,"1",,"42412"
"130","130",2,2009-11-03,,2023-09-30 23:23:54,2023-09-30 23:23:54,"1",,"42412"
"131","131",1,2010-01-28,,2023-09-30 23:23:54,2023-09-30 23:23:54,"1",,"42412"
"132","132",1,2010-04-21,,2023-09-30 23:23:54,2023-09-30 23:23:54,"1",,"42412"
"134","134",1,2010-04-27,,2023-09-30 23:23:54,2023-09-30 23:23:54,"1",,"42412"
"135","135",1,2003-05-18,,2023-09-30 23:23:54,2023-12-17 22:21:47,"27",,"42412"
"136","136",1,2010-06-21,,2023-09-30 23:23:54,2023-09-30 23:23:54,"1",,"42412"
"137","137",1,2010-05-01,,2023-09-30 23:23:54,2023-12-17 22:51:20,"27",,"42412"
"138","138",1,2010-08-16,,2023-09-30 23:23:54,2023-09-30 23:23:54,"1",,"42412"
"140","140",1,2009-06-15,,2023-09-30 23:23:54,2023-12-17 22:14:03,"27",,"42412"
"141","141",1,2010-09-09,,2023-09-30 23:23:54,2023-09-30 23:23:54,"1",,"42412"
"143","143",1,2010-11-02,,2023-09-30 23:23:54,2023-09-30 23:23:54,"1",,"42412"
"144","144",1,2011-01-19,,2023-09-30 23:23:54,2023-09-30 23:23:54,"1",,"42412"
"145","145",1,2010-11-16,,2023-09-30 23:23:54,2023-09-30 23:23:54,"1",,"42412"
"146","146",1,2011-01-31,,2023-09-30 23:23:54,2023-09-30 23:23:54,"1",,"42412"
"147","147",1,2011-01-31,,2023-09-30 23:23:54,2023-09-30 23:23:54,"1",,"42412"
"148","148",1,2011-01-31,,2023-09-30 23:23:54,2023-09-30 23:23:54,"1",,"42412"
"149","149",1,2011-02-08,,2023-09-30 23:23:54,2023-09-30 23:23:54,"1",,"42412"
"150","150",1,2006-04-01,,2023-09-30 23:23:54,2023-12-17 22:43:57,"27",,"42412"
"154","154",1,2011-04-01,,2023-09-30 23:23:54,2023-09-30 23:23:54,"1",,"42412"
"155","155",1,2004-07-01,,2023-09-30 23:23:54,2023-12-17 22:23:16,"27",,"42412"
"157","157",1,2011-04-01,,2023-09-30 23:23:54,2023-09-30 23:23:54,"1",,"42412"
"158","158",1,2011-04-01,2023-09-30,2023-09-30 23:23:54,2024-01-10 13:31:36,"227",,"42412"
"159","159",1,2011-04-04,,2023-09-30 23:23:54,2023-09-30 23:23:54,"1",,"42412"
"160","160",1,2010-10-01,,2023-09-30 23:23:54,2023-12-17 22:35:30,"27",,"42412"
"162","162",1,2011-04-29,2022-01-24,2023-09-30 23:23:54,2023-09-30 23:23:54,"1",,"42412"
"163","163",1,2011-05-05,,2023-09-30 23:23:54,2023-09-30 23:23:54,"1",,"42412"
"164","164",1,2011-05-31,,2023-09-30 23:23:54,2023-12-17 22:53:30,"27",,"42412"
"169","169",1,2011-08-08,,2023-09-30 23:23:54,2023-09-30 23:23:54,"1",,"42412"
"170","170",1,2011-08-10,,2023-09-30 23:23:54,2023-09-30 23:23:54,"1",,"42412"
"171","171",1,2007-01-26,,2023-09-30 23:23:54,2023-12-17 23:01:46,"27",,"42412"
"172","172",1,2012-01-13,,2023-09-30 23:23:54,2023-09-30 23:23:54,"1",,"42412"
"173","173",1,2012-01-25,,2023-09-30 23:23:54,2023-09-30 23:23:54,"1",,"42412"
"174","174",1,2012-01-25,,2023-09-30 23:23:54,2023-09-30 23:23:54,"1",,"42412"
"178","178",1,2012-08-16,,2023-09-30 23:23:54,2023-09-30 23:23:54,"1",,"42412"
"179","179",1,2012-11-01,,2023-09-30 23:23:54,2023-09-30 23:23:54,"1",,"42412"
"181","181",1,2012-11-09,,2023-09-30 23:23:54,2023-09-30 23:23:54,"1",,"42412"
"182","182",1,2012-07-25,,2023-09-30 23:23:54,2023-12-14 10:46:46,"27",,"42412"
"183","183",1,2012-12-13,,2023-09-30 23:23:54,2023-09-30 23:23:54,"1",,"42412"
"184","184",1,2012-12-14,,2023-09-30 23:23:54,2023-09-30 23:23:54,"1",,"42412"
"185","185",1,2012-12-14,,2023-09-30 23:23:54,2023-09-30 23:23:54,"1",,"42412"
"186","186",1,2012-12-14,,2023-09-30 23:23:54,2023-09-30 23:23:54,"1",,"42412"
"187","187",1,2012-12-14,,2023-09-30 23:23:54,2023-09-30 23:23:54,"1",,"42412"
"188","188",1,2012-12-14,,2023-09-30 23:23:54,2023-09-30 23:23:54,"1",,"42412"
"189","189",1,2012-12-14,,2023-09-30 23:23:54,2023-09-30 23:23:54,"1",,"42412"
"190","190",1,2012-12-14,,2023-09-30 23:23:54,2023-09-30 23:23:54,"1",,"42412"
"191","191",1,2012-12-14,,2023-09-30 23:23:54,2023-09-30 23:23:54,"1",,"42412"
"192","192",1,2012-12-14,,2023-09-30 23:23:54,2023-09-30 23:23:54,"1",,"42412"
"195","195",1,2012-12-14,,2023-09-30 23:23:54,2023-09-30 23:23:54,"1",,"42412"
"196","196",1,2012-12-14,,2023-09-30 23:23:54,2023-09-30 23:23:54,"1",,"42412"
"197","197",1,2012-12-14,,2023-09-30 23:23:54,2023-09-30 23:23:54,"1",,"42412"
"198","198",1,2012-12-14,,2023-09-30 23:23:54,2023-09-30 23:23:54,"1",,"42412"
"199","199",1,2012-12-14,,2023-09-30 23:23:54,2023-09-30 23:23:54,"1",,"42412"
"200","200",1,2012-12-14,,2023-09-30 23:23:54,2023-09-30 23:23:54,"1",,"42412"
"201","201",1,2012-12-14,,2023-09-30 23:23:54,2023-09-30 23:23:54,"1",,"42412"
"202","202",1,2012-12-14,,2023-09-30 23:23:54,2023-09-30 23:23:54,"1",,"42412"
"203","203",1,2020-01-01,,2023-09-30 23:23:54,2023-09-30 23:23:54,"1",,"42412"
"204","204",1,2007-12-14,,2023-09-30 23:23:54,2023-09-30 23:23:54,"1",,"42412"
"205","205",1,2012-12-21,,2023-09-30 23:23:54,2023-09-30 23:23:54,"1",,"42412"
"206","206",1,2012-12-21,,2023-09-30 23:23:54,2023-09-30 23:23:54,"1",,"42412"
"207","207",1,2012-12-27,,2023-09-30 23:23:54,2023-09-30 23:23:54,"1",,"42412"
"208","208",1,2012-12-27,,2023-09-30 23:23:54,2023-09-30 23:23:54,"1",,"42412"
"209","209",1,2012-12-27,,2023-09-30 23:23:54,2023-09-30 23:23:54,"1",,"42412"
"210","210",1,2012-12-27,,2023-09-30 23:23:54,2023-09-30 23:23:54,"1",,"42412"
"211","211",1,2012-12-27,,2023-09-30 23:23:54,2023-09-30 23:23:54,"1",,"42412"
"212","212",1,2012-12-27,,2023-09-30 23:23:54,2023-09-30 23:23:54,"1",,"42412"
"213","213",1,2012-12-27,,2023-09-30 23:23:54,2023-09-30 23:23:54,"1",,"42412"
"214","214",1,2012-12-27,,2023-09-30 23:23:54,2023-09-30 23:23:54,"1",,"42412"
"215","215",1,2012-12-27,,2023-09-30 23:23:54,2023-09-30 23:23:54,"1",,"42412"
"216","216",1,2012-12-27,,2023-09-30 23:23:54,2023-09-30 23:23:54,"1",,"42412"
"217","217",1,2012-12-27,,2023-09-30 23:23:54,2023-09-30 23:23:54,"1",,"42412"
"218","218",1,2012-12-27,,2023-09-30 23:23:54,2023-09-30 23:23:54,"1",,"42412"
"219","219",1,2012-12-27,,2023-09-30 23:23:54,2023-09-30 23:23:54,"1",,"42412"
"220","220",1,2012-12-27,,2023-09-30 23:23:54,2023-09-30 23:23:54,"1",,"42412"
"221","221",1,2012-12-27,,2023-09-30 23:23:54,2023-09-30 23:23:54,"1",,"42412"
"222","222",1,2012-12-27,,2023-09-30 23:23:54,2023-09-30 23:23:54,"1",,"42412"
"223","223",1,2012-12-27,,2023-09-30 23:23:54,2023-09-30 23:23:54,"1",,"42412"
"224","224",1,2012-12-27,,2023-09-30 23:23:54,2023-09-30 23:23:54,"1",,"42412"
"225","225",1,2012-12-27,,2023-09-30 23:23:54,2023-09-30 23:23:54,"1",,"42412"
"226","226",1,2012-12-27,,2023-09-30 23:23:54,2023-09-30 23:23:54,"1",,"42412"
"227","227",1,2012-12-27,,2023-09-30 23:23:54,2023-09-30 23:23:54,"1",,"42412"
"228","228",1,2012-12-27,,2023-09-30 23:23:54,2023-09-30 23:23:54,"1",,"42412"
"229","229",1,2012-12-27,,2023-09-30 23:23:54,2023-09-30 23:23:54,"1",,"42412"
"230","230",1,2012-12-27,,2023-09-30 23:23:54,2023-09-30 23:23:54,"1",,"42412"
"231","231",1,2012-12-27,,2023-09-30 23:23:54,2023-09-30 23:23:54,"1",,"42412"
"232","232",1,2012-12-27,,2023-09-30 23:23:54,2023-09-30 23:23:54,"1",,"42412"
"233","233",1,2012-12-27,,2023-09-30 23:23:54,2023-09-30 23:23:54,"1",,"42412"
"234","234",1,2012-12-27,,2023-09-30 23:23:54,2023-09-30 23:23:54,"1",,"42412"
"237","237",1,2012-12-27,,2023-09-30 23:23:54,2023-09-30 23:23:54,"1",,"42412"
"238","238",1,2012-12-27,,2023-09-30 23:23:54,2023-09-30 23:23:54,"1",,"42412"
"239","239",1,2012-12-27,,2023-09-30 23:23:54,2023-09-30 23:23:54,"1",,"42412"
"242","242",1,2012-12-27,,2023-09-30 23:23:54,2023-09-30 23:23:54,"1",,"42412"
"243","243",1,2012-12-27,,2023-09-30 23:23:54,2023-09-30 23:23:54,"1",,"42412"
"244","244",1,2012-12-27,,2023-09-30 23:23:54,2023-09-30 23:23:54,"1",,"42412"
"245","245",1,2012-12-27,,2023-09-30 23:23:54,2023-09-30 23:23:54,"1",,"42412"
"246","246",1,2012-12-28,,2023-09-30 23:23:54,2023-09-30 23:23:54,"1",,"42412"
"247","247",1,2012-12-28,,2023-09-30 23:23:54,2023-09-30 23:23:54,"1",,"42412"
"248","248",1,2012-12-28,,2023-09-30 23:23:54,2023-09-30 23:23:54,"1",,"42412"
"250","250",1,2012-12-28,,2023-09-30 23:23:54,2023-09-30 23:23:54,"1",,"42412"
"251","251",1,2012-12-28,,2023-09-30 23:23:54,2023-09-30 23:23:54,"1",,"42412"
"252","252",1,2012-12-28,,2023-09-30 23:23:54,2023-09-30 23:23:54,"1",,"42412"
"253","253",1,2012-12-28,,2023-09-30 23:23:54,2023-09-30 23:23:54,"1",,"42412"
"254","254",1,2012-12-28,,2023-09-30 23:23:54,2023-09-30 23:23:54,"1",,"42412"
"255","255",1,2012-12-28,,2023-09-30 23:23:54,2023-09-30 23:23:54,"1",,"42412"
"256","256",1,2012-12-28,,2023-09-30 23:23:54,2023-09-30 23:23:54,"1",,"42412"
"257","257",1,2012-12-28,,2023-09-30 23:23:54,2023-09-30 23:23:54,"1",,"42412"
"258","258",1,2012-12-28,,2023-09-30 23:23:54,2023-09-30 23:23:54,"1",,"42412"
"259","259",1,2012-12-28,,2023-09-30 23:23:54,2023-09-30 23:23:54,"1",,"42412"
"260","260",1,2012-12-28,,2023-09-30 23:23:54,2023-09-30 23:23:54,"1",,"42412"
"262","262",1,2012-12-28,,2023-09-30 23:23:54,2023-09-30 23:23:54,"1",,"42412"
"263","263",1,2012-12-28,,2023-09-30 23:23:54,2023-09-30 23:23:54,"1",,"42412"
"264","264",1,2012-12-28,,2023-09-30 23:23:54,2023-09-30 23:23:54,"1",,"42412"
"265","265",1,2012-12-28,,2023-09-30 23:23:54,2023-09-30 23:23:54,"1",,"42412"
"266","266",1,2012-12-28,,2023-09-30 23:23:54,2023-09-30 23:23:54,"1",,"42412"
"267","267",1,2012-12-28,,2023-09-30 23:23:54,2023-09-30 23:23:54,"1",,"42412"
"268","268",1,2012-12-28,,2023-09-30 23:23:54,2023-09-30 23:23:54,"1",,"42412"
"269","269",1,2012-12-28,,2023-09-30 23:23:54,2023-09-30 23:23:54,"1",,"42412"
"270","270",1,2012-12-28,,2023-09-30 23:23:54,2023-09-30 23:23:54,"1",,"42412"
"276","276",1,2012-12-28,,2023-09-30 23:23:54,2023-09-30 23:23:54,"1",,"42412"
"277","277",1,2012-12-28,,2023-09-30 23:23:54,2023-09-30 23:23:54,"1",,"42412"
"278","278",1,2012-12-28,,2023-09-30 23:23:54,2023-09-30 23:23:54,"1",,"42412"
"279","279",1,2012-12-28,,2023-09-30 23:23:54,2023-09-30 23:23:54,"1",,"42412"
"280","280",1,2012-12-28,,2023-09-30 23:23:54,2023-09-30 23:23:54,"1",,"42412"
"281","281",1,2012-12-28,,2023-09-30 23:23:54,2023-09-30 23:23:54,"1",,"42412"
"282","282",1,2012-12-28,,2023-09-30 23:23:54,2023-09-30 23:23:54,"1",,"42412"
"283","283",1,2012-12-28,,2023-09-30 23:23:54,2023-09-30 23:23:54,"1",,"42412"
"284","284",1,2012-12-28,,2023-09-30 23:23:54,2023-09-30 23:23:54,"1",,"42412"
"285","285",1,2012-12-28,,2023-09-30 23:23:54,2023-09-30 23:23:54,"1",,"42412"
"286","286",1,2013-01-01,,2023-09-30 23:23:54,2023-09-30 23:23:54,"1",,"42412"
"288","288",1,2013-01-07,,2023-09-30 23:23:54,2023-09-30 23:23:54,"1",,"42412"
"289","289",1,2013-01-07,,2023-09-30 23:23:54,2023-09-30 23:23:54,"1",,"42412"
"290","290",1,2013-01-07,,2023-09-30 23:23:54,2023-09-30 23:23:54,"1",,"42412"
"291","291",1,2013-01-07,,2023-09-30 23:23:54,2023-09-30 23:23:54,"1",,"42412"
"292","292",1,2013-01-07,,2023-09-30 23:23:54,2023-09-30 23:23:54,"1",,"42412"
"293","293",1,2013-01-07,,2023-09-30 23:23:54,2023-09-30 23:23:54,"1",,"42412"
"294","294",1,2013-01-07,,2023-09-30 23:23:54,2023-09-30 23:23:54,"1",,"42412"
"295","295",1,2013-01-07,,2023-09-30 23:23:54,2023-09-30 23:23:54,"1",,"42412"
"296","296",1,2013-01-08,,2023-09-30 23:23:54,2023-09-30 23:23:54,"1",,"42412"
"297","297",1,2013-01-11,,2023-09-30 23:23:54,2023-09-30 23:23:54,"1",,"42412"
"298","298",1,2013-01-05,,2023-09-30 23:23:54,2023-09-30 23:23:54,"1",,"42412"
"299","299",1,2013-01-16,,2023-09-30 23:23:54,2023-09-30 23:23:54,"1",,"42412"
"300","300",1,2013-01-16,,2023-09-30 23:23:54,2023-09-30 23:23:54,"1",,"42412"
"301","301",1,2013-01-29,,2023-09-30 23:23:54,2023-09-30 23:23:54,"1",,"42412"
"303","303",1,2013-02-21,,2023-09-30 23:23:54,2023-09-30 23:23:54,"1",,"42412"
"305","305",1,2013-03-14,,2023-09-30 23:23:54,2023-09-30 23:23:54,"1",,"42412"
"307","307",1,2013-03-19,,2023-09-30 23:23:54,2023-09-30 23:23:54,"1",,"42412"
"308","308",1,2013-06-25,,2023-09-30 23:23:54,2023-11-28 10:39:25,"227",,"42412"
"309","309",1,2013-06-28,,2023-09-30 23:23:54,2023-12-17 22:45:01,"27",,"42412"
"310","310",1,2013-06-22,,2023-09-30 23:23:54,2023-12-17 22:38:37,"27",,"42412"
"311","311",1,2017-12-18,,2023-09-30 23:23:54,2023-09-30 23:23:54,"1",,"42412"
"312","312",1,2013-10-15,2022-09-30,2023-09-30 23:23:54,2024-01-24 15:53:16,"227",,"42412"
"313","313",1,2013-10-25,,2023-09-30 23:23:54,2023-09-30 23:23:54,"1",,"42412"
"314","314",1,2013-10-25,,2023-09-30 23:23:54,2023-09-30 23:23:54,"1",,"42412"
"315","315",1,2013-10-25,,2023-09-30 23:23:54,2023-09-30 23:23:54,"1",,"42412"
"316","316",1,2013-10-28,,2023-09-30 23:23:54,2023-09-30 23:23:54,"1",,"42412"
"317","317",1,2013-10-28,,2023-09-30 23:23:54,2023-09-30 23:23:54,"1",,"42412"
"318","318",1,2007-05-01,,2023-09-30 23:23:54,2023-12-17 22:25:15,"27",,"42412"
"320","320",2,2013-11-12,,2023-09-30 23:23:54,2023-09-30 23:23:54,"1",,"42412"
"321","321",0,2013-11-12,,2023-09-30 23:23:54,2023-09-30 23:23:54,"1",,"42412"
"322","322",1,2013-11-13,,2023-09-30 23:23:54,2023-09-30 23:23:54,"1",,"42412"
"323","323",1,2013-11-13,,2023-09-30 23:23:54,2023-09-30 23:23:54,"1",,"42412"
"325","325",2,2013-11-13,,2023-09-30 23:23:54,2023-09-30 23:23:54,"1",,"42412"
"326","326",2,2013-11-13,,2023-09-30 23:23:54,2023-09-30 23:23:54,"1",,"42412"
"327","327",1,2010-02-16,,2023-09-30 23:23:54,2023-12-14 12:53:38,"27",,"42412"
"328","328",2,2013-11-13,,2023-09-30 23:23:54,2023-09-30 23:23:54,"1",,"42412"
"329","329",2,2013-11-13,,2023-09-30 23:23:54,2023-09-30 23:23:54,"1",,"42412"
"330","330",0,2013-11-13,,2023-09-30 23:23:54,2023-09-30 23:23:54,"1",,"42412"
"332","332",2,2013-11-13,,2023-09-30 23:23:54,2023-09-30 23:23:54,"1",,"42412"
"333","333",2,2013-11-13,,2023-09-30 23:23:54,2023-09-30 23:23:54,"1",,"42412"
"334","334",2,2013-11-13,,2023-09-30 23:23:54,2023-09-30 23:23:54,"1",,"42412"
"335","335",2,2013-11-13,,2023-09-30 23:23:54,2023-09-30 23:23:54,"1",,"42412"
"336","336",2,2013-11-13,,2023-09-30 23:23:54,2023-09-30 23:23:54,"1",,"42412"
"337","337",1,2013-11-13,2023-12-31,2023-09-30 23:23:54,2023-09-30 23:23:54,"1",,"42412"
"338","338",2,2013-11-13,,2023-09-30 23:23:54,2023-09-30 23:23:54,"1",,"42412"
"339","339",2,2013-11-13,,2023-09-30 23:23:54,2023-09-30 23:23:54,"1",,"42412"
"340","340",0,2013-11-13,,2023-09-30 23:23:54,2023-09-30 23:23:54,"1",,"42412"
"341","341",2,2013-11-13,,2023-09-30 23:23:54,2023-09-30 23:23:54,"1",,"42412"
"342","342",0,2013-11-15,,2023-09-30 23:23:54,2023-09-30 23:23:54,"1",,"42412"
"343","343",0,2013-11-15,,2023-09-30 23:23:54,2023-09-30 23:23:54,"1",,"42412"
"344","344",2,2013-11-15,,2023-09-30 23:23:54,2023-09-30 23:23:54,"1",,"42412"
"346","346",0,2013-11-15,,2023-09-30 23:23:54,2023-09-30 23:23:54,"1",,"42412"
"347","347",0,2013-11-15,,2023-09-30 23:23:54,2023-09-30 23:23:54,"1",,"42412"
"350","350",1,2013-11-15,,2023-09-30 23:23:54,2023-09-30 23:23:54,"1",,"42412"
"351","351",2,2013-11-15,,2023-09-30 23:23:54,2023-09-30 23:23:54,"1",,"42412"
"352","352",1,2013-11-15,,2023-09-30 23:23:54,2023-09-30 23:23:54,"1",,"42412"
"353","353",1,2013-11-15,,2023-09-30 23:23:54,2023-09-30 23:23:54,"1",,"42412"
"354","354",1,2013-11-15,,2023-09-30 23:23:54,2023-09-30 23:23:54,"1",,"42412"
"356","356",1,2013-11-15,,2023-09-30 23:23:54,2023-09-30 23:23:54,"1",,"42412"
"357","357",1,2013-11-15,,2023-09-30 23:23:54,2023-09-30 23:23:54,"1",,"42412"
"358","358",0,2020-07-01,,2023-09-30 23:23:54,2023-09-30 23:23:54,"1",,"42412"
"359","359",1,2013-11-15,,2023-09-30 23:23:54,2023-09-30 23:23:54,"1",,"42412"
"360","360",2,2013-11-15,,2023-09-30 23:23:54,2023-09-30 23:23:54,"1",,"42412"
"361","361",0,2013-11-15,,2023-09-30 23:23:54,2023-09-30 23:23:54,"1",,"42412"
"362","362",2,2013-11-15,,2023-09-30 23:23:54,2023-09-30 23:23:54,"1",,"42412"
"363","363",2,2013-11-15,,2023-09-30 23:23:54,2023-09-30 23:23:54,"1",,"42412"
"364","364",0,2013-11-15,,2023-09-30 23:23:54,2023-09-30 23:23:54,"1",,"42412"
"365","365",0,2013-11-15,,2023-09-30 23:23:54,2023-09-30 23:23:54,"1",,"42412"
"366","366",0,2013-11-15,,2023-09-30 23:23:54,2023-09-30 23:23:54,"1",,"42412"
"367","367",1,2013-11-15,,2023-09-30 23:23:54,2023-09-30 23:23:54,"1",,"42412"
"368","368",2,2013-11-15,,2023-09-30 23:23:54,2023-09-30 23:23:54,"1",,"42412"
"369","369",2,2013-11-15,,2023-09-30 23:23:54,2023-09-30 23:23:54,"1",,"42412"
"370","370",0,2013-11-15,,2023-09-30 23:23:54,2023-09-30 23:23:54,"1",,"42412"
"371","371",0,2013-11-15,,2023-09-30 23:23:54,2023-09-30 23:23:54,"1",,"42412"
"372","372",0,2013-11-15,,2023-09-30 23:23:54,2023-09-30 23:23:54,"1",,"42412"
"373","373",0,2013-11-15,,2023-09-30 23:23:54,2023-09-30 23:23:54,"1",,"42412"
"374","374",0,2013-11-15,,2023-09-30 23:23:54,2023-09-30 23:23:54,"1",,"42412"
"375","375",2,2012-10-01,,2023-09-30 23:23:54,2023-09-30 23:23:54,"1",,"42412"
"376","376",1,2013-11-15,,2023-09-30 23:23:54,2023-09-30 23:23:54,"1",,"42412"
"377","377",1,2013-11-15,,2023-09-30 23:23:54,2023-09-30 23:23:54,"1",,"42412"
"378","378",1,2010-11-04,,2023-09-30 23:23:54,2023-12-17 22:54:12,"27",,"42412"
"379","379",2,2013-11-15,,2023-09-30 23:23:54,2023-09-30 23:23:54,"1",,"42412"
"380","380",1,2013-11-15,,2023-09-30 23:23:54,2023-09-30 23:23:54,"1",,"42412"
"381","381",2,2013-11-15,,2023-09-30 23:23:54,2023-09-30 23:23:54,"1",,"42412"
"382","382",2,2013-11-15,,2023-09-30 23:23:54,2023-09-30 23:23:54,"1",,"42412"
"383","383",2,2013-11-15,,2023-09-30 23:23:54,2023-09-30 23:23:54,"1",,"42412"
"384","384",1,2009-08-19,,2023-09-30 23:23:54,2023-12-17 22:58:15,"27",,"42412"
"385","385",2,2013-11-19,,2023-09-30 23:23:54,2023-09-30 23:23:54,"1",,"42412"
"386","386",2,2013-11-19,,2023-09-30 23:23:54,2023-09-30 23:23:54,"1",,"42412"
"387","387",1,2013-11-19,,2023-09-30 23:23:54,2023-09-30 23:23:54,"1",,"42412"
"388","388",2,2013-11-19,,2023-09-30 23:23:54,2023-09-30 23:23:54,"1",,"42412"
"389","389",2,2013-11-19,,2023-09-30 23:23:54,2023-09-30 23:23:54,"1",,"42412"
"390","390",2,2013-11-19,,2023-09-30 23:23:54,2023-09-30 23:23:54,"1",,"42412"
"391","391",2,2013-11-19,,2023-09-30 23:23:54,2023-09-30 23:23:54,"1",,"42412"
"392","392",0,2013-11-19,,2023-09-30 23:23:54,2023-09-30 23:23:54,"1",,"42412"
"393","393",2,2013-11-19,,2023-09-30 23:23:54,2023-09-30 23:23:54,"1",,"42412"
"394","394",0,2013-11-19,,2023-09-30 23:23:54,2023-09-30 23:23:54,"1",,"42412"
"395","395",2,2013-11-20,,2023-09-30 23:23:54,2023-09-30 23:23:54,"1",,"42412"
"396","396",1,2013-11-25,,2023-09-30 23:23:54,2023-09-30 23:23:54,"1",,"42412"
"397","397",1,2013-11-27,,2023-09-30 23:23:54,2023-09-30 23:23:54,"1",,"42412"
"398","398",1,2013-11-27,,2023-09-30 23:23:54,2023-09-30 23:23:54,"1",,"42412"
"399","399",1,2013-12-18,,2023-09-30 23:23:54,2023-09-30 23:23:54,"1",,"42412"
"400","400",1,2014-01-08,,2023-09-30 23:23:54,2023-09-30 23:23:54,"1",,"42412"
"401","401",1,2014-01-08,,2023-09-30 23:23:54,2023-09-30 23:23:54,"1",,"42412"
"402","402",1,2014-02-21,,2023-09-30 23:23:54,2023-09-30 23:23:54,"1",,"42412"
"405","405",1,2014-04-01,,2023-09-30 23:23:54,2023-09-30 23:23:54,"1",,"42412"
"406","406",1,2014-04-03,,2023-09-30 23:23:54,2023-09-30 23:23:54,"1",,"42412"
"407","407",1,2014-04-03,,2023-09-30 23:23:54,2023-09-30 23:23:54,"1",,"42412"
"408","408",1,2014-04-29,,2023-09-30 23:23:54,2023-09-30 23:23:54,"1",,"42412"
"409","409",1,2014-10-01,,2023-09-30 23:23:54,2023-09-30 23:23:54,"1",,"42412"
"411","411",1,2014-05-08,,2023-09-30 23:23:54,2023-09-30 23:23:54,"1",,"42412"
"412","412",1,2014-05-08,,2023-09-30 23:23:54,2023-09-30 23:23:54,"1",,"42412"
"413","413",1,2014-05-08,,2023-09-30 23:23:54,2023-09-30 23:23:54,"1",,"42412"
"414","414",1,2014-05-08,,2023-09-30 23:23:54,2023-09-30 23:23:54,"1",,"42412"
"415","415",1,2014-05-08,,2023-09-30 23:23:54,2023-09-30 23:23:54,"1",,"42412"
"416","416",1,2014-05-08,,2023-09-30 23:23:54,2023-09-30 23:23:54,"1",,"42412"
"417","417",1,2014-06-05,,2023-09-30 23:23:54,2023-09-30 23:23:54,"1",,"42412"
"418","418",1,2014-10-01,,2023-09-30 23:23:54,2023-09-30 23:23:54,"1",,"42412"
"420","420",1,2014-06-17,,2023-09-30 23:23:54,2023-09-30 23:23:54,"1",,"42412"
"421","421",1,2014-09-03,,2023-09-30 23:23:54,2023-09-30 23:23:54,"1",,"42412"
"422","422",1,2014-09-17,,2023-09-30 23:23:54,2023-09-30 23:23:54,"1",,"42412"
"424","424",1,2014-10-01,,2023-09-30 23:23:54,2023-09-30 23:23:54,"1",,"42412"
"425","425",1,2014-10-01,,2023-09-30 23:23:54,2023-09-30 23:23:54,"1",,"42412"
"426","426",1,2014-11-06,,2023-09-30 23:23:54,2023-09-30 23:23:54,"1",,"42412"
"427","427",1,2014-12-02,,2023-09-30 23:23:54,2023-09-30 23:23:54,"1",,"42412"
"430","430",1,2014-12-17,,2023-09-30 23:23:54,2023-09-30 23:23:54,"1",,"42412"
"431","431",1,2014-12-19,,2023-09-30 23:23:54,2023-09-30 23:23:54,"1",,"42412"
"432","432",1,2014-12-19,,2023-09-30 23:23:54,2023-09-30 23:23:54,"1",,"42412"
"433","433",1,2014-12-17,,2023-09-30 23:23:54,2023-09-30 23:23:54,"1",,"42412"
"434","434",1,2014-12-19,,2023-09-30 23:23:54,2023-09-30 23:23:54,"1",,"42412"
"435","435",1,2014-12-19,,2023-09-30 23:23:54,2023-09-30 23:23:54,"1",,"42412"
"436","436",1,2015-01-06,,2023-09-30 23:23:54,2023-09-30 23:23:54,"1",,"42412"
"437","437",1,2015-01-15,,2023-09-30 23:23:54,2023-09-30 23:23:54,"1",,"42412"
"438","438",1,2020-12-01,,2023-09-30 23:23:54,2023-09-30 23:23:54,"1",,"42412"
"439","439",1,2012-08-20,,2023-09-30 23:23:54,2023-12-17 22:49:40,"27",,"42412"
"440","440",0,2015-01-22,,2023-09-30 23:23:54,2023-09-30 23:23:54,"1",,"42412"
"441","441",0,2014-01-01,,2023-09-30 23:23:54,2023-09-30 23:23:54,"1",,"42412"
"442","442",0,2015-01-22,,2023-09-30 23:23:54,2023-09-30 23:23:54,"1",,"42412"
"443","443",0,2015-01-23,,2023-09-30 23:23:54,2023-09-30 23:23:54,"1",,"42412"
"445","445",1,2009-10-16,,2023-09-30 23:23:54,2023-12-17 22:16:37,"27",,"42412"
"446","446",0,2015-01-26,,2023-09-30 23:23:54,2023-09-30 23:23:54,"1",,"42412"
"447","447",1,2014-01-01,,2023-09-30 23:23:54,2023-09-30 23:23:54,"1",,"42412"
"448","448",2,2015-01-01,,2023-09-30 23:23:54,2023-09-30 23:23:54,"1",,"42412"
"449","449",1,2015-01-01,,2023-09-30 23:23:54,2023-09-30 23:23:54,"1",,"42412"
"450","450",1,2015-01-01,,2023-09-30 23:23:54,2023-09-30 23:23:54,"1",,"42412"
"451","451",0,2014-11-01,,2023-09-30 23:23:54,2023-09-30 23:23:54,"1",,"42412"
"452","452",1,2015-03-01,,2023-09-30 23:23:54,2023-09-30 23:23:54,"1",,"42412"
"453","453",0,2015-03-16,,2023-09-30 23:23:54,2023-09-30 23:23:54,"1",,"42412"
"454","454",1,2015-03-17,,2023-09-30 23:23:54,2023-09-30 23:23:54,"1",,"42412"
"455","455",0,2015-03-17,,2023-09-30 23:23:54,2023-09-30 23:23:54,"1",,"42412"
"457","457",0,2015-01-01,,2023-09-30 23:23:54,2023-09-30 23:23:54,"1",,"42412"
"458","458",1,2015-03-01,,2023-09-30 23:23:54,2023-09-30 23:23:54,"1",,"42412"
"462","462",1,2015-03-27,,2023-09-30 23:23:54,2023-09-30 23:23:54,"1",,"42412"
"463","463",1,2010-06-10,,2023-09-30 23:23:54,2023-12-17 22:34:45,"27",,"42412"
"465","465",2,2015-01-01,,2023-09-30 23:23:54,2023-09-30 23:23:54,"1",,"42412"
"466","466",1,2012-02-23,,2023-09-30 23:23:54,2023-12-17 22:56:07,"27",,"42412"
"467","467",0,2015-01-01,,2023-09-30 23:23:54,2023-09-30 23:23:54,"1",,"42412"
"468","468",1,2015-10-01,,2023-09-30 23:23:54,2023-09-30 23:23:54,"1",,"42412"
"470","470",1,2012-12-14,,2023-09-30 23:23:54,2023-09-30 23:23:54,"1",,"42412"
"472","472",1,2015-09-28,,2023-09-30 23:23:54,2023-09-30 23:23:54,"1",,"42412"
"473","473",1,2015-09-28,,2023-09-30 23:23:54,2023-09-30 23:23:54,"1",,"42412"
"479","479",1,2015-11-02,,2023-09-30 23:23:54,2023-09-30 23:23:54,"1",,"42412"
"480","480",1,2015-11-02,,2023-09-30 23:23:54,2023-09-30 23:23:54,"1",,"42412"
"481","481",1,2013-10-28,,2023-09-30 23:23:54,2023-09-30 23:23:54,"1",,"42412"
"482","482",1,2013-10-28,,2023-09-30 23:23:54,2023-09-30 23:23:54,"1",,"42412"
"485","485",1,2016-01-13,,2023-09-30 23:23:54,2023-09-30 23:23:54,"1",,"42412"
"486","486",1,2016-02-03,,2023-09-30 23:23:54,2023-09-30 23:23:54,"1",,"42412"
"487","487",1,2016-03-01,,2023-09-30 23:23:54,2023-09-30 23:23:54,"1",,"42412"
"490","490",1,2013-10-28,,2023-09-30 23:23:54,2023-09-30 23:23:54,"1",,"42412"
"491","491",1,2016-07-20,,2023-09-30 23:23:54,2023-09-30 23:23:54,"1",,"42412"
"493","493",1,2015-01-26,,2023-09-30 23:23:54,2023-12-17 23:01:04,"27",,"42412"
"494","494",1,2016-12-15,,2023-09-30 23:23:54,2023-09-30 23:23:54,"1",,"42412"
"495","495",1,2016-12-20,,2023-09-30 23:23:54,2023-09-30 23:23:54,"1",,"42412"
"496","496",1,2016-12-29,2022-03-16,2023-09-30 23:23:54,2023-09-30 23:23:54,"1",,"42412"
"497","497",1,2016-12-29,2022-03-16,2023-09-30 23:23:54,2023-09-30 23:23:54,"1",,"42412"
"498","498",1,2011-11-10,,2023-09-30 23:23:54,2023-12-17 22:48:50,"27",,"42412"
"499","499",1,2016-07-01,,2023-09-30 23:23:54,2023-09-30 23:23:54,"1",,"42412"
"501","501",0,2017-01-01,,2023-09-30 23:23:54,2023-09-30 23:23:54,"1",,"42412"
"502","502",1,2016-10-01,2021-07-01,2023-09-30 23:23:54,2024-06-06 16:19:13,"227",,"42412"
"2110","502",0,2021-07-02,2023-09-03,2024-06-06 16:19:41,2024-06-06 16:19:41,"227",,"42412"
"2111","502",1,2023-09-04,,2024-06-06 16:20:11,2024-06-06 16:20:11,"227",,"42412"
"503","503",0,2015-10-01,,2023-09-30 23:23:54,2023-09-30 23:23:54,"1",,"42412"
"2061","504",1,2023-09-30,,2023-12-05 11:16:02,2024-03-05 11:39:19,"227",,"42412"
"505","505",1,2016-08-01,,2023-09-30 23:23:54,2023-09-30 23:23:54,"1",,"42412"
"506","506",1,2017-03-01,,2023-09-30 23:23:54,2023-09-30 23:23:54,"1",,"42412"
"507","507",0,2016-10-01,,2023-09-30 23:23:54,2023-09-30 23:23:54,"1",,"42412"
"508","508",0,2016-10-01,,2023-09-30 23:23:54,2023-09-30 23:23:54,"1",,"42412"
"509","509",1,2017-03-17,,2023-09-30 23:23:54,2023-09-30 23:23:54,"1",,"42412"
"510","510",1,2017-11-01,,2023-09-30 23:23:54,2023-09-30 23:23:54,"1",,"42412"
"511","511",2,2016-10-01,,2023-09-30 23:23:54,2023-09-30 23:23:54,"1",,"42412"
"512","512",0,2015-10-01,,2023-09-30 23:23:54,2023-09-30 23:23:54,"1",,"42412"
"513","513",0,2016-10-01,,2023-09-30 23:23:54,2023-09-30 23:23:54,"1",,"42412"
"514","514",1,2016-10-02,,2023-09-30 23:23:54,2023-12-17 22:29:04,"27",,"42412"
"515","515",2,2016-10-01,,2023-09-30 23:23:54,2023-09-30 23:23:54,"1",,"42412"
"516","516",1,2017-04-01,2023-12-31,2023-09-30 23:23:54,2023-09-30 23:23:54,"1",,"42412"
"517","517",1,2016-10-01,,2023-09-30 23:23:54,2023-09-30 23:23:54,"1",,"42412"
"518","518",1,2015-04-10,,2023-09-30 23:23:54,2023-12-17 22:59:01,"27",,"42412"
"519","519",1,2017-06-12,,2023-09-30 23:23:54,2023-09-30 23:23:54,"1",,"42412"
"520","520",1,2017-07-10,,2023-09-30 23:23:54,2023-09-30 23:23:54,"1",,"42412"
"522","522",1,2017-07-28,,2023-09-30 23:23:54,2023-09-30 23:23:54,"1",,"42412"
"523","523",1,2017-07-28,,2023-09-30 23:23:54,2023-09-30 23:23:54,"1",,"42412"
"524","524",1,2016-01-01,,2023-09-30 23:23:54,2023-09-30 23:23:54,"1",,"42412"
"526","526",1,2013-01-16,,2023-09-30 23:23:54,2023-09-30 23:23:54,"1",,"42412"
"528","528",1,2018-01-01,,2023-09-30 23:23:54,2023-09-30 23:23:54,"1",,"42412"
"529","529",1,2017-10-02,,2023-09-30 23:23:54,2023-09-30 23:23:54,"1",,"42412"
"530","530",1,2016-10-01,,2023-09-30 23:23:54,2023-09-30 23:23:54,"1",,"42412"
"531","531",1,2018-01-01,,2023-09-30 23:23:54,2023-09-30 23:23:54,"1",,"42412"
"532","532",1,2018-01-01,,2023-09-30 23:23:54,2023-09-30 23:23:54,"1",,"42412"
"533","533",1,2017-09-01,,2023-09-30 23:23:54,2023-09-30 23:23:54,"1",,"42412"
"534","534",1,2018-01-22,,2023-09-30 23:23:54,2023-09-30 23:23:54,"1",,"42412"
"535","535",1,2018-01-01,2023-03-01,2023-09-30 23:23:54,2023-09-30 23:23:54,"1",,"42412"
"537","537",1,2018-02-01,2022-12-31,2023-09-30 23:23:54,2023-09-30 23:23:54,"1",,"42412"
"538","538",0,2018-01-01,,2023-09-30 23:23:54,2023-09-30 23:23:54,"1",,"42412"
"539","539",1,2018-01-01,,2023-09-30 23:23:54,2023-09-30 23:23:54,"1",,"42412"
"540","540",1,2018-01-01,,2023-09-30 23:23:54,2023-09-30 23:23:54,"1",,"42412"
"541","541",1,2018-01-01,,2023-09-30 23:23:54,2023-09-30 23:23:54,"1",,"42412"
"542","542",0,2018-01-01,,2023-09-30 23:23:54,2023-09-30 23:23:54,"1",,"42412"
"543","543",0,2018-01-01,,2023-09-30 23:23:54,2023-09-30 23:23:54,"1",,"42412"
"544","544",1,2018-01-01,,2023-09-30 23:23:54,2023-09-30 23:23:54,"1",,"42412"
"545","545",2,2017-12-07,2022-10-01,2023-09-30 23:23:54,2023-09-30 23:23:54,"1",,"42412"
"546","546",1,2015-10-01,,2023-09-30 23:23:54,2023-09-30 23:23:54,"1",,"42412"
"548","548",1,2015-10-01,,2023-09-30 23:23:54,2023-09-30 23:23:54,"1",,"42412"
"549","549",1,2018-01-01,,2023-09-30 23:23:54,2023-09-30 23:23:54,"1",,"42412"
"550","550",1,2013-01-01,,2023-09-30 23:23:54,2023-09-30 23:23:54,"1",,"42412"
"551","551",1,2018-10-01,,2023-09-30 23:23:54,2023-09-30 23:23:54,"1",,"42412"
"552","552",1,2018-10-01,,2023-09-30 23:23:54,2023-09-30 23:23:54,"1",,"42412"
"553","553",1,2020-10-01,,2023-09-30 23:23:54,2023-09-30 23:23:54,"1",,"42412"
"554","554",1,2020-10-01,,2023-09-30 23:23:54,2023-09-30 23:23:54,"1",,"42412"
"556","556",1,2015-01-06,,2023-09-30 23:23:54,2023-09-30 23:23:54,"1",,"42412"
"557","557",1,2018-10-01,,2023-09-30 23:23:54,2023-09-30 23:23:54,"1",,"42412"
"558","558",1,2018-10-01,,2023-09-30 23:23:54,2023-09-30 23:23:54,"1",,"42412"
"559","559",1,2018-12-10,,2023-09-30 23:23:54,2023-09-30 23:23:54,"1",,"42412"
"560","560",1,2015-10-01,,2023-09-30 23:23:54,2023-09-30 23:23:54,"1",,"42412"
"561","561",1,2015-10-01,,2023-09-30 23:23:54,2023-09-30 23:23:54,"1",,"42412"
"562","562",1,2013-01-07,,2023-09-30 23:23:54,2023-09-30 23:23:54,"1",,"42412"
"563","563",1,2018-10-01,,2023-09-30 23:23:54,2023-09-30 23:23:54,"1",,"42412"
"564","564",1,2013-01-07,,2023-09-30 23:23:54,2023-09-30 23:23:54,"1",,"42412"
"565","565",1,2019-01-01,,2023-09-30 23:23:54,2023-09-30 23:23:54,"1",,"42412"
"567","567",1,2019-01-01,,2023-09-30 23:23:54,2023-09-30 23:23:54,"1",,"42412"
"568","568",1,2019-01-01,,2023-09-30 23:23:54,2023-09-30 23:23:54,"1",,"42412"
"569","569",1,2019-01-01,,2023-09-30 23:23:54,2023-09-30 23:23:54,"1",,"42412"
"570","570",1,2019-01-01,,2023-09-30 23:23:54,2023-09-30 23:23:54,"1",,"42412"
"571","571",1,2018-01-01,,2023-09-30 23:23:54,2023-09-30 23:23:54,"1",,"42412"
"578","578",1,2019-01-01,,2023-09-30 23:23:54,2023-09-30 23:23:54,"1",,"42412"
"579","579",1,2019-01-21,,2023-09-30 23:23:54,2023-09-30 23:23:54,"1",,"42412"
"580","580",1,2018-12-01,,2023-09-30 23:23:54,2023-09-30 23:23:54,"1",,"42412"
"581","581",1,2018-04-01,,2023-09-30 23:23:54,2023-09-30 23:23:54,"1",,"42412"
"582","582",1,2019-01-01,2022-02-28,2023-09-30 23:23:54,2023-09-30 23:23:54,"1",,"42412"
"583","583",2,2019-01-01,,2023-09-30 23:23:54,2023-09-30 23:23:54,"1",,"42412"
"588","588",2,2017-01-01,,2023-09-30 23:23:54,2023-09-30 23:23:54,"1",,"42412"
"589","589",0,2018-06-17,,2023-09-30 23:23:54,2023-09-30 23:23:54,"1",,"42412"
"590","590",1,2018-10-01,,2023-09-30 23:23:54,2023-09-30 23:23:54,"1",,"42412"
"591","591",1,2018-10-01,,2023-09-30 23:23:54,2023-09-30 23:23:54,"1",,"42412"
"592","592",1,2018-10-01,,2023-09-30 23:23:54,2023-09-30 23:23:54,"1",,"42412"
"593","593",1,2018-10-01,,2023-09-30 23:23:54,2023-09-30 23:23:54,"1",,"42412"
"598","598",0,2018-10-01,,2023-09-30 23:23:54,2023-09-30 23:23:54,"1",,"42412"
"600","600",0,2018-10-01,,2023-09-30 23:23:54,2023-09-30 23:23:54,"1",,"42412"
"603","603",1,2019-01-01,2021-12-31,2023-09-30 23:23:54,2023-09-30 23:23:54,"1",,"42412"
"605","605",1,2018-10-01,,2023-09-30 23:23:54,2023-09-30 23:23:54,"1",,"42412"
"606","606",1,2018-10-01,,2023-09-30 23:23:54,2023-09-30 23:23:54,"1",,"42412"
"607","607",1,2019-05-06,,2023-09-30 23:23:54,2023-09-30 23:23:54,"1",,"42412"
"608","608",1,2019-04-24,,2023-09-30 23:23:54,2023-09-30 23:23:54,"1",,"42412"
"610","610",1,2018-01-01,,2023-09-30 23:23:54,2023-09-30 23:23:54,"1",,"42412"
"611","611",1,2018-01-01,,2023-09-30 23:23:54,2023-09-30 23:23:54,"1",,"42412"
"612","612",1,2018-01-01,,2023-09-30 23:23:54,2023-09-30 23:23:54,"1",,"42412"
"613","613",1,2018-01-01,,2023-09-30 23:23:54,2023-09-30 23:23:54,"1",,"42412"
"614","614",1,2018-01-01,,2023-09-30 23:23:54,2023-09-30 23:23:54,"1",,"42412"
"615","615",1,2018-01-01,,2023-09-30 23:23:54,2023-09-30 23:23:54,"1",,"42412"
"616","616",1,2018-01-01,,2023-09-30 23:23:54,2023-09-30 23:23:54,"1",,"42412"
"617","617",1,2018-01-01,,2023-09-30 23:23:54,2023-09-30 23:23:54,"1",,"42412"
"618","618",1,2018-01-01,,2023-09-30 23:23:54,2023-09-30 23:23:54,"1",,"42412"
"619","619",1,2018-01-01,,2023-09-30 23:23:54,2023-09-30 23:23:54,"1",,"42412"
"622","622",1,2018-01-01,,2023-09-30 23:23:54,2023-09-30 23:23:54,"1",,"42412"
"623","623",1,2018-01-01,,2023-09-30 23:23:54,2023-09-30 23:23:54,"1",,"42412"
"624","624",1,2018-01-01,,2023-09-30 23:23:54,2023-09-30 23:23:54,"1",,"42412"
"625","625",1,2018-01-01,2022-04-14,2023-09-30 23:23:54,2023-09-30 23:23:54,"1",,"42412"
"626","626",1,2018-01-01,,2023-09-30 23:23:54,2023-09-30 23:23:54,"1",,"42412"
"627","627",1,2018-01-01,,2023-09-30 23:23:54,2023-09-30 23:23:54,"1",,"42412"
"628","628",1,2018-01-01,,2023-09-30 23:23:54,2023-09-30 23:23:54,"1",,"42412"
"629","629",1,2018-01-01,,2023-09-30 23:23:54,2023-09-30 23:23:54,"1",,"42412"
"630","630",1,2018-01-01,,2023-09-30 23:23:54,2023-09-30 23:23:54,"1",,"42412"
"631","631",1,2018-01-01,,2023-09-30 23:23:54,2023-09-30 23:23:54,"1",,"42412"
"632","632",1,2018-01-01,,2023-09-30 23:23:54,2023-09-30 23:23:54,"1",,"42412"
"633","633",1,2018-01-01,,2023-09-30 23:23:54,2023-09-30 23:23:54,"1",,"42412"
"634","634",1,2018-01-01,,2023-09-30 23:23:54,2023-09-30 23:23:54,"1",,"42412"
"635","635",1,2018-01-01,,2023-09-30 23:23:54,2023-09-30 23:23:54,"1",,"42412"
"636","636",1,2018-01-01,,2023-09-30 23:23:54,2023-09-30 23:23:54,"1",,"42412"
"637","637",1,2018-01-01,,2023-09-30 23:23:54,2023-09-30 23:23:54,"1",,"42412"
"638","638",1,2018-01-01,,2023-09-30 23:23:54,2023-09-30 23:23:54,"1",,"42412"
"639","639",1,2018-01-01,,2023-09-30 23:23:54,2023-09-30 23:23:54,"1",,"42412"
"640","640",1,2018-01-01,,2023-09-30 23:23:54,2023-09-30 23:23:54,"1",,"42412"
"641","641",1,2018-01-01,,2023-09-30 23:23:54,2023-09-30 23:23:54,"1",,"42412"
"642","642",1,2018-01-01,,2023-09-30 23:23:54,2023-09-30 23:23:54,"1",,"42412"
"643","643",1,2018-01-01,,2023-09-30 23:23:54,2023-09-30 23:23:54,"1",,"42412"
"644","644",1,2018-01-01,,2023-09-30 23:23:54,2023-09-30 23:23:54,"1",,"42412"
"645","645",1,2018-01-01,,2023-09-30 23:23:54,2023-09-30 23:23:54,"1",,"42412"
"646","646",1,2018-01-01,,2023-09-30 23:23:54,2023-09-30 23:23:54,"1",,"42412"
"647","647",1,2018-01-01,,2023-09-30 23:23:54,2023-09-30 23:23:54,"1",,"42412"
"648","648",1,2018-01-01,,2023-09-30 23:23:54,2023-09-30 23:23:54,"1",,"42412"
"649","649",1,2018-01-01,,2023-09-30 23:23:54,2023-09-30 23:23:54,"1",,"42412"
"650","650",1,2018-01-01,,2023-09-30 23:23:54,2023-09-30 23:23:54,"1",,"42412"
"651","651",1,2018-01-01,,2023-09-30 23:23:54,2023-09-30 23:23:54,"1",,"42412"
"652","652",1,2018-01-01,2022-09-30,2023-09-30 23:23:54,2023-09-30 23:23:54,"1",,"42412"
"653","653",1,2018-01-01,,2023-09-30 23:23:54,2023-09-30 23:23:54,"1",,"42412"
"655","655",1,2018-01-01,,2023-09-30 23:23:54,2023-09-30 23:23:54,"1",,"42412"
"656","656",1,2018-01-01,,2023-09-30 23:23:54,2023-09-30 23:23:54,"1",,"42412"
"657","657",1,2018-01-01,,2023-09-30 23:23:54,2023-09-30 23:23:54,"1",,"42412"
"658","658",1,2018-01-01,,2023-09-30 23:23:54,2023-09-30 23:23:54,"1",,"42412"
"659","659",1,2018-01-01,,2023-09-30 23:23:54,2023-09-30 23:23:54,"1",,"42412"
"660","660",1,2018-01-01,,2023-09-30 23:23:54,2023-09-30 23:23:54,"1",,"42412"
"661","661",0,2018-01-01,,2023-09-30 23:23:54,2023-09-30 23:23:54,"1",,"42412"
"662","662",1,2018-01-01,,2023-09-30 23:23:54,2023-09-30 23:23:54,"1",,"42412"
"663","663",1,2018-01-01,,2023-09-30 23:23:54,2023-09-30 23:23:54,"1",,"42412"
"664","664",1,2018-01-01,,2023-09-30 23:23:54,2023-09-30 23:23:54,"1",,"42412"
"665","665",1,2018-01-01,,2023-09-30 23:23:54,2023-09-30 23:23:54,"1",,"42412"
"666","666",1,2018-01-01,,2023-09-30 23:23:54,2023-09-30 23:23:54,"1",,"42412"
"667","667",1,2018-01-01,,2023-09-30 23:23:54,2023-09-30 23:23:54,"1",,"42412"
"668","668",1,2018-01-01,,2023-09-30 23:23:54,2023-09-30 23:23:54,"1",,"42412"
"669","669",1,2018-01-01,,2023-09-30 23:23:54,2023-09-30 23:23:54,"1",,"42412"
"671","671",1,2018-01-01,,2023-09-30 23:23:54,2023-09-30 23:23:54,"1",,"42412"
"672","672",1,2018-01-01,,2023-09-30 23:23:54,2023-09-30 23:23:54,"1",,"42412"
"673","673",1,2018-01-01,,2023-09-30 23:23:54,2023-09-30 23:23:54,"1",,"42412"
"675","675",1,2018-01-01,,2023-09-30 23:23:54,2023-09-30 23:23:54,"1",,"42412"
"676","676",1,2018-01-01,,2023-09-30 23:23:54,2023-09-30 23:23:54,"1",,"42412"
"677","677",1,2018-01-01,,2023-09-30 23:23:54,2023-09-30 23:23:54,"1",,"42412"
"678","678",1,2018-01-01,,2023-09-30 23:23:54,2023-09-30 23:23:54,"1",,"42412"
"679","679",1,2018-01-01,,2023-09-30 23:23:54,2023-09-30 23:23:54,"1",,"42412"
"680","680",1,2018-01-01,,2023-09-30 23:23:54,2023-09-30 23:23:54,"1",,"42412"
"681","681",1,2018-01-01,,2023-09-30 23:23:54,2023-09-30 23:23:54,"1",,"42412"
"682","682",1,2018-01-01,,2023-09-30 23:23:54,2023-09-30 23:23:54,"1",,"42412"
"683","683",1,2018-01-01,,2023-09-30 23:23:54,2023-09-30 23:23:54,"1",,"42412"
"684","684",1,2018-01-01,,2023-09-30 23:23:54,2023-09-30 23:23:54,"1",,"42412"
"685","685",1,2018-01-01,,2023-09-30 23:23:54,2023-09-30 23:23:54,"1",,"42412"
"686","686",1,2018-01-01,,2023-09-30 23:23:54,2023-09-30 23:23:54,"1",,"42412"
"687","687",1,2018-01-01,,2023-09-30 23:23:54,2023-09-30 23:23:54,"1",,"42412"
"688","688",1,2018-01-01,,2023-09-30 23:23:54,2023-09-30 23:23:54,"1",,"42412"
"690","690",1,2018-01-01,,2023-09-30 23:23:54,2023-09-30 23:23:54,"1",,"42412"
"691","691",1,2018-01-01,,2023-09-30 23:23:54,2023-09-30 23:23:54,"1",,"42412"
"692","692",1,2018-01-01,,2023-09-30 23:23:54,2023-09-30 23:23:54,"1",,"42412"
"693","693",1,2018-01-01,,2023-09-30 23:23:54,2023-09-30 23:23:54,"1",,"42412"
"694","694",0,2018-01-01,,2023-09-30 23:23:54,2023-09-30 23:23:54,"1",,"42412"
"695","695",1,2018-01-01,,2023-09-30 23:23:54,2023-09-30 23:23:54,"1",,"42412"
"696","696",1,2018-01-01,,2023-09-30 23:23:54,2023-09-30 23:23:54,"1",,"42412"
"697","697",1,2018-01-01,,2023-09-30 23:23:54,2023-09-30 23:23:54,"1",,"42412"
"698","698",1,2018-01-01,,2023-09-30 23:23:54,2023-09-30 23:23:54,"1",,"42412"
"699","699",1,2018-01-01,,2023-09-30 23:23:54,2023-09-30 23:23:54,"1",,"42412"
"700","700",1,2018-01-01,,2023-09-30 23:23:54,2023-09-30 23:23:54,"1",,"42412"
"701","701",1,2018-01-01,,2023-09-30 23:23:54,2023-09-30 23:23:54,"1",,"42412"
"702","702",1,2019-08-05,2022-09-30,2023-09-30 23:23:54,2023-09-30 23:23:54,"1",,"42412"
"703","703",1,2019-01-01,2022-09-30,2023-09-30 23:23:54,2023-09-30 23:23:54,"1",,"42412"
"704","704",1,2019-01-01,2023-02-28,2023-09-30 23:23:54,2023-09-30 23:23:54,"1",,"42412"
"705","705",1,2019-01-01,2022-09-30,2023-09-30 23:23:54,2023-09-30 23:23:54,"1",,"42412"
"706","706",0,2019-06-24,,2023-09-30 23:23:54,2023-09-30 23:23:54,"1",,"42412"
"707","707",1,2019-06-28,,2023-09-30 23:23:54,2023-09-30 23:23:54,"1",,"42412"
"708","708",1,2019-07-05,,2023-09-30 23:23:54,2023-09-30 23:23:54,"1",,"42412"
"709","709",0,2019-01-01,,2023-09-30 23:23:54,2023-09-30 23:23:54,"1",,"42412"
"710","710",1,2019-01-01,,2023-09-30 23:23:54,2023-09-30 23:23:54,"1",,"42412"
"711","711",1,2019-01-01,,2023-09-30 23:23:54,2023-09-30 23:23:54,"1",,"42412"
"712","712",0,2018-01-01,,2023-09-30 23:23:54,2023-09-30 23:23:54,"1",,"42412"
"713","713",1,2018-07-20,,2023-09-30 23:23:54,2023-12-17 22:39:42,"27",,"42412"
"714","714",1,2019-09-01,2022-07-31,2023-09-30 23:23:54,2023-09-30 23:23:54,"1",,"42412"
"715","715",1,2019-10-01,2022-09-30,2023-09-30 23:23:54,2023-09-30 23:23:54,"1",,"42412"
"716","716",1,2015-01-06,,2023-09-30 23:23:54,2023-09-30 23:23:54,"1",,"42412"
"717","717",1,2020-01-01,,2023-09-30 23:23:54,2023-09-30 23:23:54,"1",,"42412"
"718","718",1,2019-12-01,,2023-09-30 23:23:54,2023-09-30 23:23:54,"1",,"42412"
"719","719",1,2019-12-01,,2023-09-30 23:23:54,2023-09-30 23:23:54,"1",,"42412"
"720","720",1,2019-12-01,,2023-09-30 23:23:54,2023-09-30 23:23:54,"1",,"42412"
"721","721",1,2020-01-01,2022-09-30,2023-09-30 23:23:54,2023-09-30 23:23:54,"1",,"42412"
"722","722",1,2020-01-01,2022-09-30,2023-09-30 23:23:54,2023-09-30 23:23:54,"1",,"42412"
"723","723",1,2020-01-01,2022-09-30,2023-09-30 23:23:54,2023-09-30 23:23:54,"1",,"42412"
"724","724",1,2020-01-01,2022-09-30,2023-09-30 23:23:54,2023-09-30 23:23:54,"1",,"42412"
"725","725",1,2020-01-01,2023-10-31,2023-09-30 23:23:54,2024-03-07 09:39:52,"227",,"42412"
"729","729",1,2020-01-01,2021-12-31,2023-09-30 23:23:54,2023-09-30 23:23:54,"1",,"42412"
"730","730",2,2019-10-01,,2023-09-30 23:23:54,2023-09-30 23:23:54,"1",,"42412"
"732","732",0,2020-01-01,,2023-09-30 23:23:54,2023-09-30 23:23:54,"1",,"42412"
"733","733",1,2017-03-13,,2023-09-30 23:23:54,2023-12-17 23:06:09,"27",,"42412"
"734","734",1,2020-01-01,,2023-09-30 23:23:54,2023-09-30 23:23:54,"1",,"42412"
"736","736",1,2020-01-01,,2023-09-30 23:23:54,2023-09-30 23:23:54,"1",,"42412"
"737","737",1,2020-01-01,2022-09-30,2023-09-30 23:23:54,2023-09-30 23:23:54,"1",,"42412"
"739","739",1,2020-01-01,2022-09-30,2023-09-30 23:23:54,2023-09-30 23:23:54,"1",,"42412"
"740","740",1,2020-01-01,2022-09-30,2023-09-30 23:23:54,2023-09-30 23:23:54,"1",,"42412"
"741","741",1,2020-01-01,2022-02-28,2023-09-30 23:23:54,2023-09-30 23:23:54,"1",,"42412"
"742","742",1,2020-03-26,,2023-09-30 23:23:54,2023-09-30 23:23:54,"1",,"42412"
"744","744",1,2020-04-06,2022-09-30,2023-09-30 23:23:54,2023-09-30 23:23:54,"1",,"42412"
"745","745",1,2020-09-23,,2023-09-30 23:23:54,2023-09-30 23:23:54,"1",,"42412"
"747","747",1,2020-04-01,2023-09-30,2023-09-30 23:23:54,2023-09-30 23:23:54,"1",,"42412"
"748","748",1,2020-04-01,2022-09-30,2023-09-30 23:23:54,2023-09-30 23:23:54,"1",,"42412"
"749","749",1,2020-04-01,2023-09-30,2023-09-30 23:23:54,2023-09-30 23:23:54,"1",,"42412"
"750","750",1,2020-04-15,2023-09-30,2023-09-30 23:23:54,2023-09-30 23:23:54,"1",,"42412"
"751","751",1,2020-04-02,2022-09-30,2023-09-30 23:23:54,2023-09-30 23:23:54,"1",,"42412"
"752","752",1,2020-04-02,2022-09-30,2023-09-30 23:23:54,2023-09-30 23:23:54,"1",,"42412"
"753","753",1,2020-04-23,2022-09-30,2023-09-30 23:23:54,2023-09-30 23:23:54,"1",,"42412"
"756","756",1,2012-12-27,,2023-09-30 23:23:54,2023-09-30 23:23:54,"1",,"42412"
"757","757",1,2020-05-01,2022-09-30,2023-09-30 23:23:54,2023-09-30 23:23:54,"1",,"42412"
"758","758",1,2020-04-20,2022-09-30,2023-09-30 23:23:54,2023-09-30 23:23:54,"1",,"42412"
"759","759",1,2020-05-01,2022-09-30,2023-09-30 23:23:54,2023-09-30 23:23:54,"1",,"42412"
"760","760",1,2020-04-15,2022-09-30,2023-09-30 23:23:54,2023-09-30 23:23:54,"1",,"42412"
"761","761",1,2020-05-01,2022-09-30,2023-09-30 23:23:54,2023-09-30 23:23:54,"1",,"42412"
"763","763",1,2020-05-01,2022-09-30,2023-09-30 23:23:54,2023-09-30 23:23:54,"1",,"42412"
"764","764",1,2020-04-02,2023-09-30,2023-09-30 23:23:54,2023-09-30 23:23:54,"1",,"42412"
"766","766",1,2020-04-28,,2023-09-30 23:23:54,2023-09-30 23:23:54,"1",,"42412"
"767","767",1,2020-05-18,2022-09-30,2023-09-30 23:23:54,2023-09-30 23:23:54,"1",,"42412"
"768","768",1,2020-04-02,2022-09-30,2023-09-30 23:23:54,2023-09-30 23:23:54,"1",,"42412"
"769","769",1,2020-05-01,2022-06-30,2023-09-30 23:23:54,2023-09-30 23:23:54,"1",,"42412"
"770","770",1,2020-05-01,2022-06-30,2023-09-30 23:23:54,2023-09-30 23:23:54,"1",,"42412"
"771","771",1,2020-04-17,2022-09-30,2023-09-30 23:23:54,2023-09-30 23:23:54,"1",,"42412"
"772","772",1,2020-10-01,2022-09-30,2023-09-30 23:23:54,2023-09-30 23:23:54,"1",,"42412"
"773","773",1,2020-02-01,2023-08-01,2023-09-30 23:23:54,2023-09-30 23:23:54,"1",,"42412"
"774","774",1,2020-03-09,2023-09-30,2023-09-30 23:23:54,2023-09-30 23:23:54,"1",,"42412"
"775","775",1,2020-05-18,2022-09-30,2023-09-30 23:23:54,2023-09-30 23:23:54,"1",,"42412"
"778","778",1,2020-04-01,2022-09-30,2023-09-30 23:23:54,2023-09-30 23:23:54,"1",,"42412"
"779","779",1,2020-05-11,2022-09-30,2023-09-30 23:23:54,2023-09-30 23:23:54,"1",,"42412"
"781","781",1,2020-10-01,2022-09-30,2023-09-30 23:23:54,2023-09-30 23:23:54,"1",,"42412"
"782","782",0,2019-10-01,,2023-09-30 23:23:54,2023-09-30 23:23:54,"1",,"42412"
"783","783",1,2020-04-02,2022-09-30,2023-09-30 23:23:54,2023-09-30 23:23:54,"1",,"42412"
"784","784",1,2020-05-27,2022-09-30,2023-09-30 23:23:54,2023-09-30 23:23:54,"1",,"42412"
"785","785",2,2020-06-01,,2023-09-30 23:23:54,2023-09-30 23:23:54,"1",,"42412"
"788","788",1,2020-05-01,2022-06-30,2023-09-30 23:23:54,2023-09-30 23:23:54,"1",,"42412"
"789","789",1,2020-05-01,2022-06-30,2023-09-30 23:23:54,2023-09-30 23:23:54,"1",,"42412"
"790","790",1,2020-05-01,2022-06-30,2023-09-30 23:23:54,2023-09-30 23:23:54,"1",,"42412"
"791","791",1,2020-05-01,2022-06-30,2023-09-30 23:23:54,2023-09-30 23:23:54,"1",,"42412"
"792","792",1,2020-04-13,2022-09-30,2023-09-30 23:23:54,2023-09-30 23:23:54,"1",,"42412"
"793","793",1,2020-04-13,,2023-09-30 23:23:54,2023-09-30 23:23:54,"1",,"42412"
"794","794",1,2020-06-01,2023-11-01,2023-09-30 23:23:54,2023-09-30 23:23:54,"1",,"42412"
"795","795",1,2020-06-22,,2023-09-30 23:23:54,2023-09-30 23:23:54,"1",,"42412"
"796","796",1,2020-06-15,2022-06-30,2023-09-30 23:23:54,2023-09-30 23:23:54,"1",,"42412"
"797","797",1,2020-10-01,2022-06-30,2023-09-30 23:23:54,2023-09-30 23:23:54,"1",,"42412"
"798","798",1,2020-05-01,2022-06-30,2023-09-30 23:23:54,2023-09-30 23:23:54,"1",,"42412"
"799","799",1,2020-05-01,2022-06-30,2023-09-30 23:23:54,2023-09-30 23:23:54,"1",,"42412"
"800","800",1,2020-01-01,2022-12-31,2023-09-30 23:23:54,2023-09-30 23:23:54,"1",,"42412"
"803","803",1,2020-07-01,2022-09-30,2023-09-30 23:23:54,2023-09-30 23:23:54,"1",,"42412"
"808","808",1,2020-04-01,2022-09-30,2023-09-30 23:23:54,2023-09-30 23:23:54,"1",,"42412"
"809","809",1,2020-10-01,2023-03-07,2023-09-30 23:23:54,2023-09-30 23:23:54,"1",,"42412"
"810","810",1,2020-07-15,2023-02-28,2023-09-30 23:23:54,2023-09-30 23:23:54,"1",,"42412"
"811","811",1,2020-08-01,2023-09-30,2023-09-30 23:23:54,2023-09-30 23:23:54,"1",,"42412"
"813","813",1,2020-07-31,2023-09-30,2023-09-30 23:23:54,2023-09-30 23:23:54,"1",,"42412"
"816","816",1,2020-08-04,2022-09-30,2023-09-30 23:23:54,2023-09-30 23:23:54,"1",,"42412"
"817","817",1,2020-10-01,,2023-09-30 23:23:54,2023-09-30 23:23:54,"1",,"42412"
"819","819",1,2020-10-01,2023-06-15,2023-09-30 23:23:54,2023-09-30 23:23:54,"1",,"42412"
"820","820",1,2020-10-01,,2023-09-30 23:23:54,2023-09-30 23:23:54,"1",,"42412"
"821","821",1,2020-10-01,2023-09-30,2023-09-30 23:23:54,2023-09-30 23:23:54,"1",,"42412"
"822","822",1,2020-08-17,2022-09-01,2023-09-30 23:23:54,2023-09-30 23:23:54,"1",,"42412"
"823","823",1,2020-10-01,2022-03-02,2023-09-30 23:23:54,2023-09-30 23:23:54,"1",,"42412"
"824","824",1,2020-08-17,2022-12-05,2023-09-30 23:23:54,2023-09-30 23:23:54,"1",,"42412"
"825","825",1,2020-08-17,2022-10-24,2023-09-30 23:23:54,2023-09-30 23:23:54,"1",,"42412"
"826","826",1,2020-08-17,2022-09-22,2023-09-30 23:23:54,2023-09-30 23:23:54,"1",,"42412"
"827","827",1,2020-10-01,2023-01-12,2023-09-30 23:23:54,2023-09-30 23:23:54,"1",,"42412"
"828","828",1,2020-08-17,2022-09-29,2023-09-30 23:23:54,2023-09-30 23:23:54,"1",,"42412"
"831","831",1,2020-08-01,2022-06-30,2023-09-30 23:23:54,2023-09-30 23:23:54,"1",,"42412"
"832","832",1,2020-09-01,2023-04-10,2023-09-30 23:23:54,2023-11-01 11:41:35,"27",,"42412"
"834","834",1,2020-10-01,2023-05-31,2023-09-30 23:23:54,2023-11-01 11:06:33,"27",,"42412"
"835","835",1,2020-06-22,2023-09-30,2023-09-30 23:23:54,2023-11-01 11:10:04,"27",,"42412"
"836","836",1,2020-09-08,2022-06-30,2023-09-30 23:23:54,2023-09-30 23:23:54,"1",,"42412"
"837","837",1,2020-10-01,2022-06-30,2023-09-30 23:23:54,2023-09-30 23:23:54,"1",,"42412"
"838","838",1,2020-01-01,2022-09-30,2023-09-30 23:23:54,2023-11-30 08:42:36,"424",,"42412"
"839","839",1,2020-09-01,2023-01-30,2023-09-30 23:23:54,2023-09-30 23:23:54,"1",,"42412"
"840","840",1,2020-09-01,2022-07-15,2023-09-30 23:23:54,2023-09-30 23:23:54,"1",,"42412"
"841","841",1,2020-10-01,2022-06-30,2023-09-30 23:23:54,2023-09-30 23:23:54,"1",,"42412"
"842","842",1,2020-09-08,2022-06-30,2023-09-30 23:23:54,2023-09-30 23:23:54,"1",,"42412"
"843","843",1,2020-09-08,2022-06-30,2023-09-30 23:23:54,2023-09-30 23:23:54,"1",,"42412"
"844","844",1,2020-10-01,2022-06-30,2023-09-30 23:23:54,2023-09-30 23:23:54,"1",,"42412"
"845","845",1,2020-07-01,2023-04-08,2023-09-30 23:23:54,2023-09-30 23:23:54,"1",,"42412"
"846","846",1,2020-10-01,2023-04-16,2023-09-30 23:23:54,2023-09-30 23:23:54,"1",,"42412"
"847","847",1,2020-09-01,2022-09-07,2023-09-30 23:23:54,2023-09-30 23:23:54,"1",,"42412"
"848","848",1,2020-10-01,2022-05-23,2023-09-30 23:23:54,2023-09-30 23:23:54,"1",,"42412"
"849","849",1,2020-06-23,2022-02-08,2023-09-30 23:23:54,2023-11-01 11:14:01,"27",,"42412"
"850","850",1,2020-10-01,2022-05-25,2023-09-30 23:23:54,2023-11-01 11:16:33,"27",,"42412"
"853","853",1,2020-09-01,2022-08-23,2023-09-30 23:23:54,2023-09-30 23:23:54,"1",,"42412"
"854","854",1,2020-10-01,2022-07-25,2023-09-30 23:23:54,2023-09-30 23:23:54,"1",,"42412"
"855","855",1,2020-09-15,2023-04-06,2023-09-30 23:23:54,2023-09-30 23:23:54,"1",,"42412"
"856","856",1,2020-10-01,2023-04-20,2023-09-30 23:23:54,2023-09-30 23:23:54,"1",,"42412"
"857","857",1,2020-06-23,2022-11-03,2023-09-30 23:23:54,2023-09-30 23:23:54,"1",,"42412"
"858","858",1,2020-06-23,2023-07-28,2023-09-30 23:23:54,2023-09-30 23:23:54,"1",,"42412"
"860","860",1,2020-10-01,2023-09-18,2023-09-30 23:23:54,2023-09-30 23:23:54,"1",,"42412"
"861","861",1,2020-10-01,2022-09-02,2023-09-30 23:23:54,2023-09-30 23:23:54,"1",,"42412"
"862","862",1,2020-06-23,2022-06-14,2023-09-30 23:23:54,2023-09-30 23:23:54,"1",,"42412"
"863","863",1,2020-10-01,2022-03-15,2023-09-30 23:23:54,2023-09-30 23:23:54,"1",,"42412"
"864","864",1,2020-06-23,2022-10-03,2023-09-30 23:23:54,2023-09-30 23:23:54,"1",,"42412"
"865","865",1,2020-10-01,2022-04-04,2023-09-30 23:23:54,2023-09-30 23:23:54,"1",,"42412"
"868","868",1,2020-10-01,2022-06-30,2023-09-30 23:23:54,2023-09-30 23:23:54,"1",,"42412"
"869","869",1,2020-09-01,2022-06-30,2023-09-30 23:23:54,2023-09-30 23:23:54,"1",,"42412"
"870","870",1,2020-10-01,2023-09-30,2023-09-30 23:23:54,2023-09-30 23:23:54,"1",,"42412"
"871","871",1,2020-10-01,2023-08-31,2023-09-30 23:23:54,2023-09-30 23:23:54,"1",,"42412"
"872","872",1,2020-10-01,2022-09-30,2023-09-30 23:23:54,2023-09-30 23:23:54,"1",,"42412"
"873","873",1,2020-10-01,,2023-09-30 23:23:54,2023-09-30 23:23:54,"1",,"42412"
"874","874",1,2020-07-01,,2023-09-30 23:23:54,2023-09-30 23:23:54,"1",,"42412"
"875","875",1,2020-10-01,,2023-09-30 23:23:54,2023-09-30 23:23:54,"1",,"42412"
"876","876",1,2020-06-23,2023-06-27,2023-09-30 23:23:54,2023-09-30 23:23:54,"1",,"42412"
"877","877",1,2020-06-23,2023-06-27,2023-09-30 23:23:54,2023-09-30 23:23:54,"1",,"42412"
"878","878",1,2020-07-01,2022-03-31,2023-09-30 23:23:54,2023-09-30 23:23:54,"1",,"42412"
"879","879",1,2020-10-01,2023-04-26,2023-09-30 23:23:54,2023-09-30 23:23:54,"1",,"42412"
"881","881",1,2020-10-01,2022-07-11,2023-09-30 23:23:54,2023-09-30 23:23:54,"1",,"42412"
"884","884",1,2020-06-23,2022-11-01,2023-09-30 23:23:54,2023-09-30 23:23:54,"1",,"42412"
"885","885",1,2020-10-01,2022-07-19,2023-09-30 23:23:54,2023-09-30 23:23:54,"1",,"42412"
"887","887",1,2020-10-01,2022-07-29,2023-09-30 23:23:54,2023-09-30 23:23:54,"1",,"42412"
"888","888",1,2020-10-01,2022-01-31,2023-09-30 23:23:54,2023-09-30 23:23:54,"1",,"42412"
"889","889",1,2020-09-08,2022-06-30,2023-09-30 23:23:54,2023-09-30 23:23:54,"1",,"42412"
"890","890",1,2020-10-01,2022-06-30,2023-09-30 23:23:54,2023-09-30 23:23:54,"1",,"42412"
"891","891",1,2020-07-01,2023-04-05,2023-09-30 23:23:54,2023-11-08 10:54:27,"227",,"42412"
"2051","891",0,2023-04-06,,2023-11-08 10:55:09,2023-11-08 10:55:09,"227",,"42412"
"892","892",1,2020-07-01,2022-12-01,2023-09-30 23:23:54,2023-11-08 11:04:23,"227",,"42412"
"2052","892",0,2022-12-02,,2023-11-08 11:09:14,2023-11-08 11:09:14,"227",,"42412"
"894","894",1,2020-08-01,2023-09-19,2023-09-30 23:23:54,2023-09-30 23:23:54,"1",,"42412"
"895","895",1,2020-10-01,2023-09-18,2023-09-30 23:23:54,2023-09-30 23:23:54,"1",,"42412"
"896","896",1,2020-10-01,2023-09-30,2023-09-30 23:23:54,2023-09-30 23:23:54,"1",,"42412"
"901","901",1,2020-06-23,2022-11-30,2023-09-30 23:23:54,2023-09-30 23:23:54,"1",,"42412"
"902","902",1,2020-10-01,2022-12-29,2023-09-30 23:23:54,2023-09-30 23:23:54,"1",,"42412"
"903","903",1,2020-10-01,2022-07-31,2023-09-30 23:23:54,2023-09-30 23:23:54,"1",,"42412"
"904","904",1,2020-08-01,2023-09-20,2023-09-30 23:23:54,2023-09-30 23:23:54,"1",,"42412"
"905","905",1,2020-10-01,2023-09-27,2023-09-30 23:23:54,2023-09-30 23:23:54,"1",,"42412"
"906","906",1,2020-01-01,2023-12-31,2023-09-30 23:23:54,2024-03-07 14:17:56,"227",,"42412"
"907","907",1,2020-10-01,2022-06-30,2023-09-30 23:23:54,2023-09-30 23:23:54,"1",,"42412"
"908","908",1,2020-10-01,2022-06-30,2023-09-30 23:23:54,2023-09-30 23:23:54,"1",,"42412"
"909","909",1,2020-10-01,2022-06-30,2023-09-30 23:23:54,2023-09-30 23:23:54,"1",,"42412"
"910","910",1,2020-09-08,2022-06-30,2023-09-30 23:23:54,2023-09-30 23:23:54,"1",,"42412"
"911","911",1,2020-09-08,2022-06-30,2023-09-30 23:23:54,2023-09-30 23:23:54,"1",,"42412"
"912","912",1,2020-09-08,2022-06-30,2023-09-30 23:23:54,2023-09-30 23:23:54,"1",,"42412"
"913","913",1,2020-10-01,2023-02-01,2023-09-30 23:23:54,2023-09-30 23:23:54,"1",,"42412"
"914","914",1,2020-10-01,2023-03-01,2023-09-30 23:23:54,2023-09-30 23:23:54,"1",,"42412"
"915","915",1,2020-10-01,2023-02-01,2023-09-30 23:23:54,2023-09-30 23:23:54,"1",,"42412"
"916","916",1,2020-06-23,2022-10-05,2023-09-30 23:23:54,2023-09-30 23:23:54,"1",,"42412"
"917","917",1,2020-06-23,2022-10-05,2023-09-30 23:23:54,2023-11-16 10:04:03,"27",,"42412"
"918","918",1,2020-06-23,2022-09-08,2023-09-30 23:23:54,2023-09-30 23:23:54,"1",,"42412"
"919","919",1,2020-10-01,2022-06-30,2023-09-30 23:23:54,2023-09-30 23:23:54,"1",,"42412"
"920","920",1,2020-10-01,2022-06-30,2023-09-30 23:23:54,2023-09-30 23:23:54,"1",,"42412"
"921","921",1,2020-10-28,,2023-09-30 23:23:54,2023-09-30 23:23:54,"1",,"42412"
"922","922",1,2020-10-28,,2023-09-30 23:23:54,2023-09-30 23:23:54,"1",,"42412"
"923","923",1,2020-09-08,2022-06-30,2023-09-30 23:23:54,2023-09-30 23:23:54,"1",,"42412"
"924","924",1,2020-11-01,2022-06-30,2023-09-30 23:23:54,2023-09-30 23:23:54,"1",,"42412"
"925","925",1,2020-11-01,2022-06-30,2023-09-30 23:23:54,2023-09-30 23:23:54,"1",,"42412"
"926","926",1,2020-10-01,2022-09-30,2023-09-30 23:23:54,2023-09-30 23:23:54,"1",,"42412"
"930","930",1,2014-10-02,2022-03-31,2023-09-30 23:23:54,2024-04-15 11:12:01,"227",,"42412"
"931","931",1,2008-10-10,2022-06-15,2023-09-30 23:23:54,2023-09-30 23:23:54,"1",,"42412"
"933","933",1,2005-07-01,,2023-09-30 23:23:54,2023-12-17 22:52:16,"27",,"42412"
"934","934",1,2004-11-29,,2023-09-30 23:23:54,2023-09-30 23:23:54,"1",,"42412"
"936","936",1,2012-12-14,,2023-09-30 23:23:54,2023-09-30 23:23:54,"1",,"42412"
"937","937",2,2009-01-29,,2023-09-30 23:23:54,2023-09-30 23:23:54,"1",,"42412"
"938","938",1,2005-07-20,,2023-09-30 23:23:54,2023-09-30 23:23:54,"1",,"42412"
"939","939",1,2008-05-01,2022-02-28,2023-09-30 23:23:54,2023-09-30 23:23:54,"1",,"42412"
"941","941",1,2016-07-27,,2023-09-30 23:23:54,2023-09-30 23:23:54,"1",,"42412"
"942","942",1,2005-07-20,,2023-09-30 23:23:54,2023-09-30 23:23:54,"1",,"42412"
"944","944",1,2013-01-01,,2023-09-30 23:23:54,2023-09-30 23:23:54,"1",,"42412"
"951","951",1,2015-11-12,,2023-09-30 23:23:54,2023-09-30 23:23:54,"1",,"42412"
"954","954",1,2013-10-16,,2023-09-30 23:23:54,2023-09-30 23:23:54,"1",,"42412"
"955","955",1,2013-10-16,,2023-09-30 23:23:54,2023-09-30 23:23:54,"1",,"42412"
"956","956",1,2005-07-09,,2023-09-30 23:23:54,2023-09-30 23:23:54,"1",,"42412"
"958","958",1,2017-08-09,,2023-09-30 23:23:54,2023-09-30 23:23:54,"1",,"42412"
"961","961",1,2019-10-01,,2023-09-30 23:23:54,2023-09-30 23:23:54,"1",,"42412"
"963","963",1,2020-06-10,2021-12-31,2023-09-30 23:23:54,2023-09-30 23:23:54,"1",,"42412"
"964","964",1,2020-04-01,,2023-09-30 23:23:54,2023-09-30 23:23:54,"1",,"42412"
"965","965",1,2020-06-23,2023-03-24,2023-09-30 23:23:54,2023-09-30 23:23:54,"1",,"42412"
"966","966",1,2020-12-01,2022-06-30,2023-09-30 23:23:54,2023-11-30 09:23:05,"424",,"42412"
"967","967",1,2020-11-19,2023-06-30,2023-09-30 23:23:54,2023-09-30 23:23:54,"1",,"42412"
"968","968",1,2020-11-19,2022-06-30,2023-09-30 23:23:54,2023-09-30 23:23:54,"1",,"42412"
"969","969",1,2020-09-08,2022-06-30,2023-09-30 23:23:54,2023-09-30 23:23:54,"1",,"42412"
"970","970",1,2020-10-01,,2023-09-30 23:23:54,2023-09-30 23:23:54,"1",,"42412"
"971","971",1,2020-09-08,2022-06-30,2023-09-30 23:23:54,2023-09-30 23:23:54,"1",,"42412"
"972","972",1,2020-09-08,2022-09-30,2023-09-30 23:23:54,2023-09-30 23:23:54,"1",,"42412"
"973","973",1,2021-01-01,,2023-09-30 23:23:54,2023-09-30 23:23:54,"1",,"42412"
"974","974",1,2021-01-01,,2023-09-30 23:23:54,2023-09-30 23:23:54,"1",,"42412"
"975","975",1,2020-08-08,2024-01-22,2023-09-30 23:23:54,2023-09-30 23:23:54,"1",,"42412"
"976","976",1,2021-01-01,,2023-09-30 23:23:54,2023-09-30 23:23:54,"1",,"42412"
"977","977",1,2021-01-01,,2023-09-30 23:23:54,2023-09-30 23:23:54,"1",,"42412"
"978","978",1,2021-01-01,,2023-09-30 23:23:54,2023-09-30 23:23:54,"1",,"42412"
"979","979",1,2021-01-01,,2023-09-30 23:23:54,2023-09-30 23:23:54,"1",,"42412"
"980","980",1,2020-10-01,2022-12-13,2023-09-30 23:23:54,2023-09-30 23:23:54,"1",,"42412"
"981","981",1,2020-10-01,2022-12-30,2023-09-30 23:23:54,2023-10-31 12:01:39,"27",,"42412"
"982","982",1,2020-10-01,2022-12-01,2023-09-30 23:23:54,2023-11-30 08:49:57,"424",,"42412"
"983","983",1,2020-10-01,2022-03-25,2023-09-30 23:23:54,2023-09-30 23:23:54,"1",,"42412"
"984","984",1,2020-10-01,2022-03-25,2023-09-30 23:23:54,2023-09-30 23:23:54,"1",,"42412"
"985","985",1,2021-01-01,,2023-09-30 23:23:54,2023-09-30 23:23:54,"1",,"42412"
"986","986",1,2020-10-01,2022-01-31,2023-09-30 23:23:54,2023-09-30 23:23:54,"1",,"42412"
"988","988",1,2021-01-01,,2023-09-30 23:23:54,2023-09-30 23:23:54,"1",,"42412"
"989","989",1,2021-01-01,,2023-09-30 23:23:54,2023-09-30 23:23:54,"1",,"42412"
"990","990",1,2021-02-05,2022-04-15,2023-09-30 23:23:54,2023-09-30 23:23:54,"1",,"42412"
"991","991",1,2020-10-01,2022-06-30,2023-09-30 23:23:54,2023-11-30 09:31:13,"424",,"42412"
"992","992",1,2020-10-01,2022-06-30,2023-09-30 23:23:54,2023-09-30 23:23:54,"1",,"42412"
"993","993",2,2020-07-01,,2023-09-30 23:23:54,2023-09-30 23:23:54,"1",,"42412"
"994","994",1,2021-01-26,,2023-09-30 23:23:54,2023-09-30 23:23:54,"1",,"42412"
"995","995",0,2021-01-01,,2023-09-30 23:23:54,2023-09-30 23:23:54,"1",,"42412"
"996","996",1,2021-02-08,2023-05-01,2023-09-30 23:23:54,2023-12-18 16:26:05,"27",,"42412"
"2062","996",1,2023-12-13,,2023-12-11 16:56:05,2023-12-11 16:56:05,"227",,"42412"
"2063","996",0,2023-05-02,2023-12-12,2023-12-11 16:58:40,2023-12-18 16:26:16,"27",,"42412"
"997","997",1,2021-02-05,2022-04-15,2023-09-30 23:23:54,2023-09-30 23:23:54,"1",,"42412"
"998","998",1,2020-02-01,,2023-09-30 23:23:54,2023-09-30 23:23:54,"1",,"42412"
"999","999",1,2020-12-01,2022-06-30,2023-09-30 23:23:54,2023-11-30 09:26:54,"424",,"42412"
"1000","1000",1,2021-02-01,,2023-09-30 23:23:54,2023-09-30 23:23:54,"1",,"42412"
"1001","1001",1,2021-02-01,2022-12-31,2023-09-30 23:23:54,2023-09-30 23:23:54,"1",,"42412"
"1002","1002",1,2021-02-01,,2023-09-30 23:23:54,2023-09-30 23:23:54,"1",,"42412"
"1004","1004",1,2021-03-01,2022-04-11,2023-09-30 23:23:54,2023-09-30 23:23:54,"1",,"42412"
"1005","1005",1,2021-04-01,,2023-09-30 23:23:54,2023-09-30 23:23:54,"1",,"42412"
"1006","1006",1,2020-11-01,2023-07-01,2023-09-30 23:23:54,2024-03-27 16:34:16,"227",,"42412"
"2104","1006",0,2023-07-02,2024-03-20,2024-03-27 16:35:06,2024-03-27 16:35:06,"227",,"42412"
"2105","1006",1,2024-03-21,,2024-03-27 16:35:17,2024-03-27 16:35:17,"227",,"42412"
"1007","1007",1,2020-11-01,,2023-09-30 23:23:54,2023-09-30 23:23:54,"1",,"42412"
"1008","1008",1,2020-11-01,2023-09-14,2023-09-30 23:23:54,2023-09-30 23:23:54,"1",,"42412"
"1009","1009",1,2018-07-03,,2023-09-30 23:23:54,2023-12-17 22:46:29,"27",,"42412"
"1010","1010",1,2019-04-23,,2023-09-30 23:23:54,2023-12-17 22:26:03,"27",,"42412"
"1011","1011",2,2020-12-01,,2023-09-30 23:23:54,2024-07-29 14:54:54,"27",,"42412"
"1012","1012",1,2020-11-01,,2023-09-30 23:23:54,2023-09-30 23:23:54,"1",,"42412"
"1013","1013",1,2020-02-01,,2023-09-30 23:23:54,2023-09-30 23:23:54,"1",,"42412"
"1014","1014",1,2015-10-22,,2023-09-30 23:23:54,2023-12-14 10:39:20,"27",,"42412"
"1015","1015",0,2014-01-01,,2023-09-30 23:23:54,2024-07-18 14:58:55,"27",,"42412"
"1017","1017",2,2019-10-01,,2023-09-30 23:23:54,2023-09-30 23:23:54,"1",,"42412"
"1019","1019",0,2017-11-01,,2023-09-30 23:23:54,2023-09-30 23:23:54,"1",,"42412"
"1020","1020",0,2013-11-13,,2023-09-30 23:23:54,2023-09-30 23:23:54,"1",,"42412"
"1021","1021",1,2018-06-11,,2023-09-30 23:23:54,2023-12-17 22:14:56,"27",,"42412"
"1022","1022",0,2017-12-01,,2023-09-30 23:23:54,2023-09-30 23:23:54,"1",,"42412"
"1023","1023",1,2019-09-01,2024-04-01,2023-09-30 23:23:54,2024-06-05 16:45:42,"227",,"42412"
"1024","1024",0,2020-12-01,,2023-09-30 23:23:54,2023-09-30 23:23:54,"1",,"42412"
"1026","1026",1,2019-01-01,,2023-09-30 23:23:54,2023-09-30 23:23:54,"1",,"42412"
"1028","1028",1,2015-08-10,,2023-09-30 23:23:54,2023-12-17 22:18:42,"27",,"42412"
"1029","1029",1,2015-07-28,,2023-09-30 23:23:54,2023-12-17 22:54:58,"27",,"42412"
"1030","1030",1,2018-11-15,,2023-09-30 23:23:54,2023-12-17 22:57:00,"27",,"42412"
"1032","1032",1,2016-01-12,,2023-09-30 23:23:54,2023-12-17 22:28:05,"27",,"42412"
"1033","1033",0,2010-01-01,,2023-09-30 23:23:54,2023-09-30 23:23:54,"1",,"42412"
"1035","1035",0,2010-01-01,,2023-09-30 23:23:54,2023-09-30 23:23:54,"1",,"42412"
"1037","1037",1,2016-04-15,,2023-09-30 23:23:54,2023-12-17 22:30:04,"27",,"42412"
"1038","1038",1,2019-02-13,,2023-09-30 23:23:54,2023-12-17 22:31:07,"27",,"42412"
"1039","1039",0,2004-10-04,,2023-09-30 23:23:54,2023-09-30 23:23:54,"1",,"42412"
"1040","1040",0,2019-01-01,,2023-09-30 23:23:54,2023-09-30 23:23:54,"1",,"42412"
"1041","1041",1,2018-08-01,,2023-09-30 23:23:54,2023-12-17 22:45:45,"27",,"42412"
"1043","1043",0,2014-01-01,,2023-09-30 23:23:54,2023-09-30 23:23:54,"1",,"42412"
"1044","1044",1,2020-02-01,,2023-09-30 23:23:54,2023-09-30 23:23:54,"1",,"42412"
"1045","1045",1,2019-03-04,,2023-09-30 23:23:54,2023-12-17 23:04:08,"27",,"42412"
"1046","1046",0,2018-10-01,,2023-09-30 23:23:54,2023-09-30 23:23:54,"1",,"42412"
"1063","1063",0,2015-01-22,,2023-09-30 23:23:54,2023-09-30 23:23:54,"1",,"42412"
"1064","1064",1,2018-01-01,,2023-09-30 23:23:54,2023-09-30 23:23:54,"1",,"42412"
"1065","1065",1,2021-07-01,,2023-09-30 23:23:54,2023-09-30 23:23:54,"1",,"42412"
"1066","1066",1,2018-01-01,,2023-09-30 23:23:54,2023-09-30 23:23:54,"1",,"42412"
"1067","1067",2,2016-10-01,,2023-09-30 23:23:54,2023-09-30 23:23:54,"1",,"42412"
"1068","1068",2,2013-11-15,,2023-09-30 23:23:54,2023-09-30 23:23:54,"1",,"42412"
"1069","1069",0,2018-01-01,,2023-09-30 23:23:54,2023-09-30 23:23:54,"1",,"42412"
"1072","1072",1,2018-01-01,,2023-09-30 23:23:54,2023-09-30 23:23:54,"1",,"42412"
"1073","1073",1,2020-06-23,2022-07-21,2023-09-30 23:23:54,2023-09-30 23:23:54,"1",,"42412"
"1074","1074",1,2020-10-01,2022-11-07,2023-09-30 23:23:54,2023-09-30 23:23:54,"1",,"42412"
"1075","1075",1,2018-01-01,,2023-09-30 23:23:54,2023-09-30 23:23:54,"1",,"42412"
"1086","1086",0,2016-10-01,,2023-09-30 23:23:54,2023-09-30 23:23:54,"1",,"42412"
"1087","1087",2,2013-11-15,,2023-09-30 23:23:54,2023-09-30 23:23:54,"1",,"42412"
"1088","1088",2,2013-11-15,,2023-09-30 23:23:54,2023-09-30 23:23:54,"1",,"42412"
"1091","1091",2,2013-11-19,,2023-09-30 23:23:54,2023-09-30 23:23:54,"1",,"42412"
"1092","1092",2,2013-11-15,,2023-09-30 23:23:54,2023-09-30 23:23:54,"1",,"42412"
"1093","1093",0,2016-01-01,,2023-09-30 23:23:54,2023-09-30 23:23:54,"1",,"42412"
"1094","1094",0,2013-11-15,,2023-09-30 23:23:54,2023-09-30 23:23:54,"1",,"42412"
"1095","1095",0,2020-01-01,,2023-09-30 23:23:54,2023-09-30 23:23:54,"1",,"42412"
"1096","1096",2,2013-11-15,,2023-09-30 23:23:54,2023-09-30 23:23:54,"1",,"42412"
"1104","1104",1,2018-01-01,,2023-09-30 23:23:54,2023-09-30 23:23:54,"1",,"42412"
"1107","1107",2,2019-02-15,,2023-09-30 23:23:54,2023-09-30 23:23:54,"1",,"42412"
"1108","1109",1,2021-10-05,2023-11-30,2023-09-30 23:23:54,2023-09-30 23:23:54,"1",,"42412"
"1109","1110",1,2021-08-01,2022-06-30,2023-09-30 23:23:54,2023-09-30 23:23:54,"1",,"42412"
"1110","1111",1,2021-08-01,2022-06-30,2023-09-30 23:23:54,2023-09-30 23:23:54,"1",,"42412"
"1111","1112",1,2021-10-11,,2023-09-30 23:23:54,2023-09-30 23:23:54,"1",,"42412"
"1112","1113",1,2021-10-25,2023-12-31,2023-09-30 23:23:54,2023-09-30 23:23:54,"1",,"42412"
"1114","1115",1,2020-08-11,2022-09-23,2023-09-30 23:23:54,2023-09-30 23:23:54,"1",,"42412"
"1115","1116",1,2021-06-01,2022-09-07,2023-09-30 23:23:54,2023-09-30 23:23:54,"1",,"42412"
"1116","1117",1,2021-04-01,2022-09-30,2023-09-30 23:23:54,2023-09-30 23:23:54,"1",,"42412"
"1118","1119",1,2021-11-01,2023-04-03,2023-09-30 23:23:54,2023-09-30 23:23:54,"1",,"42412"
"1119","1120",1,2021-11-01,2023-04-03,2023-09-30 23:23:54,2023-09-30 23:23:54,"1",,"42412"
"1120","1121",1,2021-11-01,2023-03-31,2023-09-30 23:23:54,2023-09-30 23:23:54,"1",,"42412"
"1121","1122",1,2021-11-01,2022-06-22,2023-09-30 23:23:54,2023-09-30 23:23:54,"1",,"42412"
"1122","1123",0,2022-01-01,2023-11-30,2023-09-30 23:23:54,2023-09-30 23:23:54,"1",,"42412"
"1124","1125",0,2021-01-01,,2023-09-30 23:23:54,2023-09-30 23:23:54,"1",,"42412"
"1125","1126",0,2022-01-01,2023-11-30,2023-09-30 23:23:54,2023-09-30 23:23:54,"1",,"42412"
"1126","1127",0,2014-10-15,,2023-09-30 23:23:54,2023-09-30 23:23:54,"1",,"42412"
"1127","1128",1,2022-01-02,,2023-09-30 23:23:54,2023-09-30 23:23:54,"1",,"42412"
"1129","1130",0,2022-01-01,2023-11-30,2023-09-30 23:23:54,2023-09-30 23:23:54,"1",,"42412"
"1130","1131",1,2022-02-10,,2023-09-30 23:23:54,2023-09-30 23:23:54,"1",,"42412"
"1131","1132",1,2022-01-01,,2023-09-30 23:23:54,2023-09-30 23:23:54,"1",,"42412"
"1132","1133",1,2022-01-01,2022-12-20,2023-09-30 23:23:54,2023-09-30 23:23:54,"1",,"42412"
"1133","1134",1,2022-01-01,,2023-09-30 23:23:54,2023-09-30 23:23:54,"1",,"42412"
"1134","1135",1,2022-03-08,,2023-09-30 23:23:54,2023-09-30 23:23:54,"1",,"42412"
"1135","1136",1,2021-11-01,,2023-09-30 23:23:54,2023-09-30 23:23:54,"1",,"42412"
"1136","1137",1,2022-02-08,,2023-09-30 23:23:54,2023-09-30 23:23:54,"1",,"42412"
"1137","1138",0,2020-02-15,2023-11-01,2023-09-30 23:23:54,2024-03-14 10:07:33,"227",,"42412"
"1138","1139",0,2022-02-22,2022-02-23,2023-09-30 23:23:54,2023-09-30 23:23:54,"1",,"42412"
"1139","1140",0,2021-09-01,2022-09-01,2023-09-30 23:23:54,2023-09-30 23:23:54,"1",,"42412"
"1140","1141",0,2022-01-01,2022-12-31,2023-09-30 23:23:54,2023-09-30 23:23:54,"1",,"42412"
"1142","1143",1,2021-01-01,2023-09-30,2023-09-30 23:23:54,2023-09-30 23:23:54,"1",,"42412"
"1143","1144",1,2016-12-01,2022-03-31,2023-09-30 23:23:54,2023-09-30 23:23:54,"1",,"42412"
"1144","1145",2,2019-12-01,2022-11-30,2023-09-30 23:23:54,2023-09-30 23:23:54,"1",,"42412"
"1145","1146",1,2022-02-10,,2023-09-30 23:23:54,2023-09-30 23:23:54,"1",,"42412"
"1146","1147",1,2022-07-01,,2023-09-30 23:23:54,2023-09-30 23:23:54,"1",,"42412"
"1147","1148",1,2022-12-01,,2023-09-30 23:23:54,2023-09-30 23:23:54,"1",,"42412"
"1148","1149",1,2022-06-01,,2023-09-30 23:23:54,2023-09-30 23:23:54,"1",,"42412"
"1149","1150",1,2022-07-01,,2023-09-30 23:23:54,2023-09-30 23:23:54,"1",,"42412"
"1150","1151",1,2021-06-01,,2023-09-30 23:23:54,2023-09-30 23:23:54,"1",,"42412"
"1151","1152",1,2012-12-28,,2023-09-30 23:23:54,2023-09-30 23:23:54,"1",,"42412"
"1152","1153",1,2012-12-28,,2023-09-30 23:23:54,2023-09-30 23:23:54,"1",,"42412"
"1154","1155",1,2022-06-01,,2023-09-30 23:23:54,2023-09-30 23:23:54,"1",,"42412"
"1155","1156",1,2022-07-01,,2023-09-30 23:23:54,2023-09-30 23:23:54,"1",,"42412"
"1156","1157",1,2011-10-01,,2023-09-30 23:23:54,2023-12-18 16:43:02,"27",,"42412"
"1157","1158",1,2005-08-11,,2023-09-30 23:23:54,2023-09-30 23:23:54,"1",,"42412"
"1158","1159",1,2005-08-11,,2023-09-30 23:23:54,2023-09-30 23:23:54,"1",,"42412"
"1159","1160",1,2002-07-23,,2023-09-30 23:23:54,2023-12-17 23:05:07,"27",,"42412"
"1160","1161",1,2013-11-06,2024-09-30,2023-09-30 23:23:54,2023-09-30 23:23:54,"1",,"42412"
"1161","1162",1,2022-04-28,,2023-09-30 23:23:54,2023-09-30 23:23:54,"1",,"42412"
"1162","1163",1,2006-12-28,,2023-09-30 23:23:54,2023-09-30 23:23:54,"1",,"42412"
"1163","1164",1,2022-10-01,,2023-09-30 23:23:54,2023-09-30 23:23:54,"1",,"42412"
"1164","1165",1,2022-10-01,,2023-09-30 23:23:54,2023-09-30 23:23:54,"1",,"42412"
"1165","1166",1,2012-12-28,,2023-09-30 23:23:54,2023-09-30 23:23:54,"1",,"42412"
"1166","1167",1,2022-01-01,2022-12-27,2023-09-30 23:23:54,2023-09-30 23:23:54,"1",,"42412"
"1168","1169",1,2022-10-01,2023-09-30,2023-09-30 23:23:54,2023-10-05 09:42:09,"227",,"42412"
"1169","1170",0,2020-02-20,,2023-09-30 23:23:54,2023-09-30 23:23:54,"1",,"42412"
"1170","1173",0,2022-09-12,,2023-09-30 23:23:54,2023-09-30 23:23:54,"1",,"42412"
"1171","1174",0,2020-08-01,,2023-09-30 23:23:54,2023-09-30 23:23:54,"1",,"42412"
"1173","1176",0,2023-01-23,2023-11-14,2023-09-30 23:23:54,2023-09-30 23:23:54,"1",,"42412"
"2053","1176",1,2023-11-15,,2023-11-14 11:00:52,2023-11-14 11:00:52,"30",,"42412"
"1174","1177",0,2023-01-01,2023-03-01,2023-09-30 23:23:54,2023-09-30 23:23:54,"1",,"42412"
"1175","1178",2,2022-01-01,,2023-09-30 23:23:54,2023-09-30 23:23:54,"1",,"42412"
"1176","1179",0,2022-04-12,,2023-09-30 23:23:54,2023-09-30 23:23:54,"1",,"42412"
"1177","1180",2,2022-03-21,,2023-09-30 23:23:54,2023-09-30 23:23:54,"1",,"42412"
"1178","1181",1,2023-01-01,,2023-09-30 23:23:54,2023-09-30 23:23:54,"1",,"42412"
"1179","1182",1,2023-01-01,,2023-09-30 23:23:54,2023-09-30 23:23:54,"1",,"42412"
"1180","1183",0,2023-01-01,2023-01-01,2023-09-30 23:23:54,2023-12-05 11:13:53,"227",,"42412"
"1181","1184",1,2023-01-01,,2023-09-30 23:23:54,2023-12-18 16:47:43,"27",,"42412"
"1182","1185",1,2023-02-16,2024-02-29,2023-09-30 23:23:54,2023-09-30 23:23:54,"1",,"42412"
"1183","1186",1,2023-01-01,,2023-09-30 23:23:54,2023-09-30 23:23:54,"1",,"42412"
"1184","1187",1,2023-06-01,,2023-09-30 23:23:54,2023-09-30 23:23:54,"1",,"42412"
"1185","1188",1,2023-06-15,2024-08-06,2023-09-30 23:23:54,2023-09-30 23:23:54,"1",,"42412"
"1186","1189",1,2023-05-01,,2023-09-30 23:23:54,2023-09-30 23:23:54,"1",,"42412"
"1188","1191",1,2023-06-01,,2023-09-30 23:23:54,2023-09-30 23:23:54,"1",,"42412"
"1189","1192",1,2023-06-19,,2023-09-30 23:23:54,2023-09-30 23:23:54,"1",,"42412"
"1190","1193",1,2020-01-01,,2023-09-30 23:23:54,2023-09-30 23:23:54,"1",,"42412"
"2048","1194",1,2023-10-01,,2023-10-24 11:09:09,2023-10-24 15:47:35,"227",,"42412"
"2049","1195",1,2023-06-01,,2023-10-26 15:55:17,2023-12-18 16:58:29,"27",,"42412"
"2050","1196",1,2023-10-01,,2023-11-06 16:57:35,2023-11-06 16:57:35,"227",,"42412"
"2054","1197",1,2023-09-21,,2023-11-14 11:25:08,2023-11-14 11:25:08,"27",,"42412"
"2055","1198",1,2023-12-01,,2023-11-14 12:16:21,2023-11-14 12:16:21,"27",,"42412"
"2056","1199",1,2023-07-01,,2023-11-14 13:31:41,2023-11-14 13:31:41,"28",,"42412"
"2057","1200",1,2023-10-01,,2023-11-16 15:51:54,2023-11-16 15:51:54,"227",,"42412"
"2058","1201",1,2024-01-01,,2023-11-16 16:38:03,2023-11-16 16:38:03,"227",,"42412"
"2059","1202",1,2023-11-07,,2023-11-29 15:06:16,2023-11-29 15:06:16,"227",,"42412"
"2060","1203",1,2023-01-01,,2023-11-30 12:24:06,2024-05-01 17:09:05,"227",,"42412"
"2064","1204",1,2023-10-01,,2023-12-14 09:33:08,2023-12-14 09:33:08,"227",,"42412"
"2065","1205",1,2023-11-27,,2023-12-15 09:52:58,2023-12-15 09:52:58,"227",,"42412"
"2066","1206",1,2024-01-02,,2023-12-15 11:15:45,2023-12-15 11:15:45,"227",,"42412"
"2067","1207",1,2024-01-01,,2023-12-18 12:53:28,2024-01-03 14:19:22,"27",,"42412"
"2068","1208",0,2022-09-01,,2024-01-02 14:04:35,2024-01-02 14:04:35,"227",,"42412"
"2069","1209",0,2021-07-28,,2024-01-02 14:42:22,2024-01-02 14:42:22,"227",,"42412"
"2070","1210",1,2006-04-03,,2024-01-18 14:13:09,2024-01-18 14:13:09,"227",,"42412"
"2071","1211",1,2005-09-25,,2024-01-18 14:29:15,2024-01-18 14:29:15,"227",,"42412"
"2072","1212",0,2023-12-01,,2024-01-18 16:49:18,2024-01-18 16:49:18,"28",,"42412"
"2073","1213",1,2024-01-16,2024-02-13,2024-01-22 10:36:03,2024-01-22 10:36:03,"27",,"42412"
"2074","1214",2,2022-12-01,,2024-01-31 10:23:20,2024-01-31 10:23:20,"227",,"42412"
"2075","1215",2,2023-10-01,,2024-01-31 10:45:20,2024-01-31 10:45:20,"227",,"42412"
"2076","1216",1,2024-01-15,2024-01-22,2024-01-31 16:15:50,2024-01-31 16:15:50,"227",,"42412"
"2077","1217",2,2024-01-01,,2024-02-06 11:47:23,2024-02-15 15:35:21,"28",,"42412"
"2078","1218",1,2023-07-01,,2024-02-07 09:55:58,2024-02-07 09:55:58,"227",,"42412"
"2079","1219",1,2024-01-01,,2024-02-13 17:03:20,2024-02-13 17:03:20,"227",,"42412"
"2080","1220",1,2024-01-01,,2024-02-13 17:23:40,2024-02-13 17:23:40,"227",,"42412"
"2081","1221",0,2024-01-01,,2024-02-14 13:35:52,2024-02-14 13:35:52,"28",,"42412"
"2082","1222",0,2023-11-01,,2024-02-15 14:06:08,2024-02-15 14:06:08,"28",,"42412"
"2083","1223",1,2023-06-19,,2024-02-27 09:25:26,2024-02-27 09:25:26,"227",,"42412"
"2084","1224",1,2023-10-01,,2024-02-27 09:49:17,2024-02-27 09:49:17,"227",,"42412"
"2085","1225",1,2023-01-01,,2024-02-27 10:11:36,2024-05-01 17:07:23,"227",,"42412"
"2086","1226",1,2023-10-01,,2024-02-27 10:53:26,2024-02-27 10:53:26,"227",,"42412"
"2087","1227",1,2024-01-02,,2024-02-27 15:04:08,2024-02-27 15:04:08,"227",,"42412"
"2088","1228",1,2024-01-01,,2024-02-29 14:35:32,2024-02-29 14:35:32,"227",,"42412"
"2089","1229",1,2024-01-01,,2024-02-29 15:17:39,2024-02-29 15:17:39,"227",,"42412"
"2090","1230",1,2024-01-01,,2024-02-29 16:49:14,2024-02-29 16:49:14,"227",,"42412"
"2091","1231",1,2024-01-01,,2024-02-29 16:59:15,2024-02-29 16:59:15,"227",,"42412"
"2092","1232",1,2024-01-01,,2024-02-29 17:18:17,2024-02-29 17:18:17,"227",,"42412"
"2093","1233",1,2024-01-01,,2024-02-29 17:33:50,2024-02-29 17:33:50,"227",,"42412"
"2094","1234",1,2024-01-01,,2024-03-04 13:55:06,2024-03-04 14:09:43,"227",,"42412"
"2095","1235",1,2024-01-01,,2024-03-04 14:09:11,2024-03-04 14:09:11,"227",,"42412"
"2096","1236",1,2023-09-30,,2024-03-04 16:42:45,2024-03-04 16:49:47,"227",,"42412"
"2097","1237",1,2023-09-30,,2024-03-04 16:59:10,2024-03-04 16:59:10,"227",,"42412"
"2098","1238",1,2023-10-01,,2024-03-04 17:27:31,2024-03-04 17:27:31,"227",,"42412"
"2099","1239",1,2023-10-01,,2024-03-04 17:38:51,2024-03-04 17:38:51,"227",,"42412"
"2100","1240",1,2024-02-15,,2024-03-13 13:42:44,2024-03-13 13:42:44,"227",,"42412"
"2101","1241",0,2024-01-01,,2024-03-14 10:54:33,2024-03-14 10:54:33,"227",,"42412"
"2102","1242",2,2023-05-01,,2024-03-14 12:19:34,2024-03-14 12:19:34,"227",,"42412"
"2106","1243",1,2024-03-01,,2024-04-11 15:26:10,2024-04-11 15:26:10,"227",,"42412"
"2107","1244",2,2024-01-16,,2024-04-18 17:27:00,2024-04-18 17:27:00,"227",,"42412"
"2108","1245",1,2023-12-18,,2024-04-18 17:51:05,2024-04-18 17:51:05,"227",,"42412"
"2109","1246",1,2023-12-18,,2024-04-18 18:05:00,2024-04-18 18:05:00,"227",,"42412"
"2112","1247",1,2024-01-23,,2024-06-10 12:39:17,2024-06-10 12:39:17,"27",,"42412"
"2113","1248",1,2003-11-01,,2024-06-26 10:24:50,2024-06-26 10:24:50,"27",,"42412"
"2114","1249",1,2024-07-01,,2024-06-27 16:35:33,2024-06-27 16:35:33,"227",,"42412"
"2115","1250",1,2024-07-01,,2024-06-27 16:51:09,2024-06-27 16:51:09,"227",,"42412"
"2117","1251",1,2024-08-01,,2024-08-14 15:20:33,2024-08-14 15:20:33,"227",,"42412"
"2118","1252",2,2024-01-01,,2024-08-15 17:00:20,2024-08-15 17:00:20,"227",,"42412"
"2119","1253",2,2024-01-01,,2024-08-15 17:15:20,2024-08-15 17:15:20,"227",,"42412"
"2120","1254",1,2024-01-01,,2024-08-29 15:02:35,2024-08-29 15:02:35,"227",,"42412"
"2121","1255",1,2024-10-01,,2024-10-17 15:26:38,2024-10-17 15:26:38,"227",,"42412"
"2122","1256",1,2024-10-01,,2024-10-17 16:08:21,2024-10-17 16:08:21,"227",,"42412"
"2123","1257",1,2024-10-01,,2024-10-17 16:20:26,2024-10-17 16:20:26,"227",,"42412"
"2124","1258",1,2024-10-01,,2024-10-17 16:54:44,2024-10-17 16:54:44,"227",,"42412"
"2125","1259",1,2024-09-01,,2024-11-05 15:58:21,2024-11-05 15:58:21,"227",,"42412"
